u,mode_n1,mode_n3,mode_n4,mode_n6,mode_n7,mode_n11
0.000000,-1.25240529e-01,8.79920033e-03,9.05221212e-02,6.14901567e-02,-1.36683799e-02,-9.86238290e-02
0.001000,-1.19612719e-01,9.28493563e-03,7.97457027e-02,5.68837165e-02,-9.36112135e-03,-8.71249514e-02
0.002001,-1.13402561e-01,9.61343638e-03,6.69887206e-02,5.03950659e-02,-4.46913477e-03,-6.69346263e-02
0.003001,-1.07221314e-01,9.73852666e-03,5.32533086e-02,4.23820369e-02,3.25094404e-04,-4.07389239e-02
0.004001,-1.01154799e-01,9.68167540e-03,3.85494063e-02,3.28651468e-02,4.70512909e-03,-1.15774794e-02
0.005001,-9.50520798e-02,9.41349052e-03,2.37767483e-02,2.26340463e-02,8.58348707e-03,1.90634672e-02
0.006002,-8.90491769e-02,8.97076269e-03,8.78125240e-03,1.16433500e-02,1.16346872e-02,4.72514437e-02
0.007002,-8.31397614e-02,8.36199154e-03,-6.04152992e-03,3.02669977e-04,1.37273619e-02,7.04451308e-02
0.008002,-7.71985634e-02,7.56710268e-03,-1.99010868e-02,-1.06234186e-02,1.48662342e-02,8.75456316e-02
0.009002,-7.14887964e-02,6.65934253e-03,-3.34087544e-02,-2.15254639e-02,1.47779309e-02,9.48280662e-02
0.010003,-6.56755539e-02,5.57497486e-03,-4.50371119e-02,-3.10360648e-02,1.37906657e-02,9.44589526e-02
0.011003,-6.01636518e-02,4.42080699e-03,-5.59678542e-02,-4.00062498e-02,1.16054598e-02,8.31417691e-02
0.012003,-5.45132787e-02,3.11286292e-03,-6.43488576e-02,-4.68303713e-02,8.77479170e-03,6.56930501e-02
0.013003,-4.92374535e-02,1.78465860e-03,-7.18358574e-02,-5.27669518e-02,5.00057022e-03,3.95543615e-02
0.014004,-4.37564306e-02,3.20633555e-04,-7.61449955e-02,-5.58966738e-02,1.04201605e-03,1.20281807e-02
0.015004,-3.87427574e-02,-1.10471819e-03,-7.96040307e-02,-5.80810651e-02,-3.45841686e-03,-1.97204317e-02
0.016004,-3.35247972e-02,-2.63236859e-03,-7.97118049e-02,-5.72488020e-02,-7.66047672e-03,-4.72009549e-02
0.017004,-2.85959144e-02,-4.12156176e-03,-7.81917649e-02,-5.48639017e-02,-1.16879003e-02,-7.17118059e-02
0.018005,-2.39916238e-02,-5.55646048e-03,-7.52996648e-02,-5.11120414e-02,-1.54225816e-02,-9.12664902e-02
0.019005,-1.89490439e-02,-7.08778471e-03,-6.82355768e-02,-4.38263286e-02,-1.78874837e-02,-9.77088925e-02
0.020005,-1.45861881e-02,-8.43408105e-03,-6.12070077e-02,-3.65476218e-02,-1.98924168e-02,-9.93890550e-02
0.021005,-1.06536914e-02,-9.65473556e-03,-5.36427096e-02,-2.88084508e-02,-2.12511777e-02,-9.43344939e-02
0.022006,-5.94268934e-03,-1.10043759e-02,-4.11689084e-02,-1.72178759e-02,-2.06911120e-02,-7.29069894e-02
0.023006,-1.12989070e-03,-1.22880502e-02,-2.63778680e-02,-4.15337900e-03,-1.86580479e-02,-4.25146105e-02
0.024006,2.34087669e-03,-1.31665565e-02,-1.49892190e-02,5.65342330e-03,-1.66329834e-02,-1.77674175e-02
0.025006,4.13431860e-03,-1.35938104e-02,-8.88002192e-03,1.08198575e-02,-1.53860859e-02,-4.10630412e-03
0.026007,4.79794738e-03,-1.37299515e-02,-6.52784680e-03,1.27581688e-02,-1.48199135e-02,1.34976103e-03
0.027007,4.95154092e-03,-1.37390145e-02,-5.91850625e-03,1.32183641e-02,-1.45997839e-02,2.94370326e-03
0.028007,4.93296560e-03,-1.37077099e-02,-5.91184270e-03,1.31749626e-02,-1.45095456e-02,3.19360997e-03
0.029007,4.87126967e-03,-1.36685721e-02,-6.06437134e-03,1.30038189e-02,-1.44601880e-02,3.08682272e-03
0.030008,4.80271677e-03,-1.36305829e-02,-6.25013505e-03,1.28110476e-02,-1.44255660e-02,2.90408102e-03
0.031008,4.73579159e-03,-1.35957948e-02,-6.43966187e-03,1.26213098e-02,-1.43993235e-02,2.71180492e-03
0.032008,4.67271707e-03,-1.35646170e-02,-6.62457979e-03,1.24412905e-02,-1.43793714e-02,2.52722216e-03
0.033008,4.61325638e-03,-1.35369340e-02,-6.80586440e-03,1.22700174e-02,-1.43657558e-02,2.34817928e-03
0.034009,4.55733516e-03,-1.35125995e-02,-6.98346996e-03,1.21072936e-02,-1.43582739e-02,2.17377900e-03
0.035009,4.50570853e-03,-1.34917129e-02,-7.15450154e-03,1.19552965e-02,-1.43560396e-02,2.01004497e-03
0.036009,4.45768774e-03,-1.34739789e-02,-7.32115932e-03,1.18119002e-02,-1.43592480e-02,1.85157235e-03
0.037009,4.41334583e-03,-1.34593294e-02,-7.48298806e-03,1.16773470e-02,-1.43677098e-02,1.69840594e-03
0.038010,4.37336583e-03,-1.34478008e-02,-7.63721808e-03,1.15535840e-02,-1.43803849e-02,1.55690825e-03
0.039010,4.33688270e-03,-1.34390737e-02,-7.78658979e-03,1.14381325e-02,-1.43977535e-02,1.41952439e-03
0.040010,4.30421649e-03,-1.34331252e-02,-7.92984818e-03,1.13318178e-02,-1.44192669e-02,1.28946554e-03
0.041010,4.27568311e-03,-1.34298892e-02,-8.06523006e-03,1.12357645e-02,-1.44442053e-02,1.16944156e-03
0.042011,4.25045065e-03,-1.34290738e-02,-8.19565705e-03,1.11473656e-02,-1.44730270e-02,1.05301096e-03
0.043011,4.22934139e-03,-1.34307368e-02,-8.31759320e-03,1.10692631e-02,-1.45046361e-02,9.47287671e-04
0.044011,4.21183463e-03,-1.34346489e-02,-8.43265166e-03,1.09998518e-02,-1.45391062e-02,8.48488120e-04
0.045011,4.19753228e-03,-1.34405861e-02,-8.54184917e-03,1.09380711e-02,-1.45764432e-02,7.53852677e-04
0.046012,4.18743913e-03,-1.34486701e-02,-8.64109153e-03,1.08869956e-02,-1.46153639e-02,6.72207636e-04
0.047012,4.18019405e-03,-1.34584541e-02,-8.73494174e-03,1.08426266e-02,-1.46566692e-02,5.93081931e-04
0.048012,4.17664559e-03,-1.34700255e-02,-8.81988556e-03,1.08076213e-02,-1.46992787e-02,5.24009245e-04
0.049012,4.17626999e-03,-1.34831284e-02,-8.89730832e-03,1.07805204e-02,-1.47431549e-02,4.61596687e-04
0.050013,4.17907651e-03,-1.34976609e-02,-8.96685250e-03,1.07614521e-02,-1.47880232e-02,4.06558203e-04
0.051013,4.18489636e-03,-1.35134496e-02,-9.02852819e-03,1.07500634e-02,-1.48334966e-02,3.58452546e-04
0.052013,4.19376373e-03,-1.35303977e-02,-9.08187077e-03,1.07465644e-02,-1.48792519e-02,3.18412712e-04
0.053013,4.20532530e-03,-1.35482979e-02,-9.12761034e-03,1.07500527e-02,-1.49251204e-02,2.84405215e-04
0.054014,4.21969755e-03,-1.35670683e-02,-9.16490026e-03,1.07610152e-02,-1.49706341e-02,2.58469689e-04
0.055014,4.23655505e-03,-1.35865175e-02,-9.19443179e-03,1.07786257e-02,-1.50156620e-02,2.38746660e-04
0.056014,4.25588737e-03,-1.36065348e-02,-9.21577664e-03,1.08030111e-02,-1.50598090e-02,2.26355536e-04
0.057014,4.27748152e-03,-1.36269607e-02,-9.22923676e-03,1.08336868e-02,-1.51028645e-02,2.20458964e-04
0.058015,4.30122664e-03,-1.36476660e-02,-9.23475129e-03,1.08704825e-02,-1.51445263e-02,2.21317125e-04
0.059015,4.32695891e-03,-1.36685085e-02,-9.23245153e-03,1.09130675e-02,-1.51845451e-02,2.28622292e-04
0.060015,4.35453341e-03,-1.36893555e-02,-9.22241032e-03,1.09611699e-02,-1.52226596e-02,2.42321240e-04
0.061015,4.38378967e-03,-1.37100742e-02,-9.20476504e-03,1.10144708e-02,-1.52586287e-02,2.62223712e-04
0.062016,4.41457869e-03,-1.37305344e-02,-9.17961127e-03,1.10726861e-02,-1.52922028e-02,2.88217486e-04
0.063016,4.44673197e-03,-1.37506123e-02,-9.14714891e-03,1.11354674e-02,-1.53231700e-02,3.20093696e-04
0.064016,4.48010280e-03,-1.37701807e-02,-9.10746904e-03,1.12025378e-02,-1.53512820e-02,3.57743394e-04
0.065016,4.51451738e-03,-1.37891275e-02,-9.06083765e-03,1.12735211e-02,-1.53763642e-02,4.00916803e-04
0.066017,4.54982948e-03,-1.38073280e-02,-9.00734933e-03,1.13481408e-02,-1.53981701e-02,4.49506593e-04
0.067017,4.58586794e-03,-1.38246822e-02,-8.94730458e-03,1.14260148e-02,-1.54165541e-02,5.03244858e-04
0.068017,4.62248140e-03,-1.38410743e-02,-8.88085505e-03,1.15068399e-02,-1.54312987e-02,5.61983461e-04
0.069017,4.65950869e-03,-1.38564104e-02,-8.80828311e-03,1.15902552e-02,-1.54422620e-02,6.25477814e-04
0.070018,4.69679626e-03,-1.38705889e-02,-8.72980758e-03,1.16759316e-02,-1.54492680e-02,6.93533088e-04
0.071018,4.73419082e-03,-1.38835203e-02,-8.64569613e-03,1.17635237e-02,-1.54521755e-02,7.65923588e-04
0.072018,4.77154275e-03,-1.38951203e-02,-8.55622455e-03,1.18526886e-02,-1.54508543e-02,8.42418856e-04
0.073018,4.80870449e-03,-1.39053021e-02,-8.46165026e-03,1.19430904e-02,-1.54451613e-02,9.22805808e-04
0.074019,4.84553616e-03,-1.39140015e-02,-8.36229486e-03,1.20343848e-02,-1.54350160e-02,1.00682871e-03
0.075019,4.88189424e-03,-1.39211331e-02,-8.25840926e-03,1.21262399e-02,-1.54202707e-02,1.09428182e-03
0.076019,4.91765295e-03,-1.39266537e-02,-8.15034751e-03,1.22183207e-02,-1.54008936e-02,1.18489173e-03
0.077019,4.95267403e-03,-1.39304828e-02,-8.03836435e-03,1.23102975e-02,-1.53767423e-02,1.27845413e-03
0.078020,4.98684530e-03,-1.39325912e-02,-7.92282199e-03,1.24018502e-02,-1.53478132e-02,1.37468958e-03
0.079020,5.02004160e-03,-1.39329161e-02,-7.80400164e-03,1.24926568e-02,-1.53140039e-02,1.47337994e-03
0.080020,5.05215940e-03,-1.39314310e-02,-7.68224780e-03,1.25824108e-02,-1.52753070e-02,1.57425654e-03
0.081020,5.08309128e-03,-1.39280955e-02,-7.55786966e-03,1.26708053e-02,-1.52316723e-02,1.67708045e-03
0.082021,5.11274155e-03,-1.39228847e-02,-7.43119497e-03,1.27575445e-02,-1.51830864e-02,1.78159583e-03
0.083021,5.14102332e-03,-1.39157815e-02,-7.30255273e-03,1.28423440e-02,-1.51295524e-02,1.88754357e-03
0.084021,5.16784712e-03,-1.39067617e-02,-7.17225903e-03,1.29249133e-02,-1.50710501e-02,1.99467459e-03
0.085021,5.19315048e-03,-1.38958319e-02,-7.04064752e-03,1.30050026e-02,-1.50076346e-02,2.10272652e-03
0.086022,5.21684882e-03,-1.38829680e-02,-6.90802748e-03,1.30823221e-02,-1.49392782e-02,2.21145121e-03
0.087022,5.23890585e-03,-1.38681983e-02,-6.77471981e-03,1.31566656e-02,-1.48660795e-02,2.32060383e-03
0.088022,5.25924938e-03,-1.38515056e-02,-6.64102344e-03,1.32277584e-02,-1.47880183e-02,2.42995138e-03
0.089022,5.27786026e-03,-1.38329284e-02,-6.50723961e-03,1.32954235e-02,-1.47052095e-02,2.53926407e-03
0.090023,5.29469033e-03,-1.38124694e-02,-6.37365696e-03,1.33594245e-02,-1.46176725e-02,2.64831972e-03
0.091023,5.30972597e-03,-1.37901654e-02,-6.24056081e-03,1.34195896e-02,-1.45255119e-02,2.75688903e-03
0.092023,5.32294385e-03,-1.37660404e-02,-6.10823239e-03,1.34757228e-02,-1.44287957e-02,2.86473806e-03
0.093023,5.33433563e-03,-1.37401299e-02,-5.97694209e-03,1.35276563e-02,-1.43276180e-02,2.97163769e-03
0.094024,5.34390659e-03,-1.37124781e-02,-5.84694057e-03,1.35752512e-02,-1.42220887e-02,3.07737692e-03
0.095024,5.35165663e-03,-1.36831200e-02,-5.71847329e-03,1.36183515e-02,-1.41122879e-02,3.18175134e-03
0.096024,5.35762072e-03,-1.36521185e-02,-5.59174512e-03,1.36568850e-02,-1.39983621e-02,3.28459272e-03
0.097024,5.36180481e-03,-1.36195076e-02,-5.46698617e-03,1.36907000e-02,-1.38803802e-02,3.38570256e-03
0.098025,5.36426292e-03,-1.35853631e-02,-5.34437558e-03,1.37197670e-02,-1.37585200e-02,3.48490459e-03
0.099025,5.36500957e-03,-1.35497232e-02,-5.22413791e-03,1.37439438e-02,-1.36328614e-02,3.58197254e-03
0.100025,5.36411167e-03,-1.35126671e-02,-5.10641370e-03,1.37632334e-02,-1.35035810e-02,3.67676406e-03
0.101025,5.36161168e-03,-1.34742475e-02,-4.99136696e-03,1.37775637e-02,-1.33707806e-02,3.76912519e-03
0.102026,5.35758306e-03,-1.34345398e-02,-4.87910348e-03,1.37869535e-02,-1.32346163e-02,3.85895497e-03
0.103026,5.35208875e-03,-1.33936093e-02,-4.76974627e-03,1.37913861e-02,-1.30952198e-02,3.94611601e-03
0.104026,5.34519747e-03,-1.33515253e-02,-4.66340889e-03,1.37908615e-02,-1.29527367e-02,4.03045511e-03
0.105026,5.33698910e-03,-1.33083624e-02,-4.56016983e-03,1.37854170e-02,-1.28073224e-02,4.11185327e-03
0.106027,5.32754177e-03,-1.32641874e-02,-4.46009929e-03,1.37750754e-02,-1.26591005e-02,4.19021883e-03
0.107027,5.31695883e-03,-1.32190837e-02,-4.36319164e-03,1.37599572e-02,-1.25082357e-02,4.26553599e-03
0.108027,5.30531820e-03,-1.31731136e-02,-4.26951094e-03,1.37400786e-02,-1.23548397e-02,4.33768968e-03
0.109027,5.29272222e-03,-1.31263602e-02,-4.17904111e-03,1.37155750e-02,-1.21990930e-02,4.40660939e-03
0.110028,5.27925466e-03,-1.30788859e-02,-4.09181745e-03,1.36864852e-02,-1.20411068e-02,4.47218410e-03
0.111028,5.26503129e-03,-1.30307719e-02,-4.00774817e-03,1.36529971e-02,-1.18810366e-02,4.53446336e-03
0.112028,5.25015188e-03,-1.29820848e-02,-3.92679397e-03,1.36152186e-02,-1.17189961e-02,4.59342349e-03
0.113028,5.23471645e-03,-1.29328952e-02,-3.84889414e-03,1.35732962e-02,-1.15551312e-02,4.64901239e-03
0.114029,5.21882156e-03,-1.28832680e-02,-3.77399025e-03,1.35273598e-02,-1.13895681e-02,4.70117272e-03
0.115029,5.20257654e-03,-1.28332696e-02,-3.70196060e-03,1.34775899e-02,-1.12224208e-02,4.74995844e-03
0.116029,5.18609173e-03,-1.27829654e-02,-3.63265225e-03,1.34241969e-02,-1.10538050e-02,4.79545677e-03
0.117029,5.16946130e-03,-1.27324124e-02,-3.56597443e-03,1.33673221e-02,-1.08838268e-02,4.83762397e-03
0.118030,5.15277865e-03,-1.26816678e-02,-3.50178060e-03,1.33071701e-02,-1.07126083e-02,4.87648026e-03
0.119030,5.13614935e-03,-1.26307850e-02,-3.43991148e-03,1.32439235e-02,-1.05402235e-02,4.91210527e-03
0.120030,5.11967361e-03,-1.25798177e-02,-3.38013755e-03,1.31778502e-02,-1.03667723e-02,4.94466683e-03
0.121030,5.10343511e-03,-1.25288091e-02,-3.32233640e-03,1.31090962e-02,-1.01923333e-02,4.97412349e-03
0.122031,5.08751348e-03,-1.24778009e-02,-3.26631063e-03,1.30378884e-02,-1.00169955e-02,5.00055630e-03
0.123031,5.07200644e-03,-1.24268346e-02,-3.21182257e-03,1.29644634e-02,-9.84080848e-03,5.02414226e-03
0.124031,5.05699153e-03,-1.23759445e-02,-3.15864846e-03,1.28890539e-02,-9.66383519e-03,5.04500844e-03
0.125031,5.04252796e-03,-1.23251574e-02,-3.10662305e-03,1.28118335e-02,-9.48613845e-03,5.06314930e-03
0.126032,5.02868852e-03,-1.22745001e-02,-3.05550463e-03,1.27330329e-02,-9.30775595e-03,5.07871951e-03
0.127032,5.01554352e-03,-1.22239956e-02,-3.00501483e-03,1.26529133e-02,-9.12871552e-03,5.09195771e-03
0.128032,5.00314079e-03,-1.21736589e-02,-2.95497162e-03,1.25716425e-02,-8.94905127e-03,5.10287651e-03
0.129032,4.99151302e-03,-1.21234982e-02,-2.90516368e-03,1.24894202e-02,-8.76879426e-03,5.11158213e-03
0.130033,4.98072947e-03,-1.20735271e-02,-2.85529446e-03,1.24064927e-02,-8.58793235e-03,5.11832902e-03
0.131033,4.97080628e-03,-1.20237445e-02,-2.80515585e-03,1.23230509e-02,-8.40648343e-03,5.12324579e-03
0.132033,4.96176493e-03,-1.19741472e-02,-2.75457243e-03,1.22392328e-02,-8.22444918e-03,5.12633724e-03
0.133033,4.95363218e-03,-1.19247310e-02,-2.70326321e-03,1.21552747e-02,-8.04180874e-03,5.12791060e-03
0.134034,4.94642694e-03,-1.18754870e-02,-2.65100135e-03,1.20713527e-02,-7.85853921e-03,5.12812541e-03
0.135034,4.94012935e-03,-1.18263954e-02,-2.59765483e-03,1.19875675e-02,-7.67463497e-03,5.12698481e-03
0.136034,4.93475142e-03,-1.17774410e-02,-2.54296475e-03,1.19041160e-02,-7.49004991e-03,5.12477153e-03
0.137034,4.93028913e-03,-1.17286031e-02,-2.48671895e-03,1.18211526e-02,-7.30474146e-03,5.12168636e-03
0.138035,4.92669620e-03,-1.16798501e-02,-2.42883311e-03,1.17387286e-02,-7.11869084e-03,5.11770676e-03
0.139035,4.92397057e-03,-1.16311570e-02,-2.36906300e-03,1.16570110e-02,-6.93182860e-03,5.11311461e-03
0.140035,4.92207468e-03,-1.15824924e-02,-2.30726480e-03,1.15760993e-02,-6.74410983e-03,5.10810476e-03
0.141035,4.92095586e-03,-1.15338156e-02,-2.24336416e-03,1.14960101e-02,-6.55548797e-03,5.10261426e-03
0.142036,4.92057913e-03,-1.14850945e-02,-2.17719003e-03,1.14168621e-02,-6.36589868e-03,5.09695889e-03
0.143036,4.92089966e-03,-1.14362886e-02,-2.10862321e-03,1.13387064e-02,-6.17527279e-03,5.09125357e-03
0.144036,4.92183223e-03,-1.13873524e-02,-2.03768083e-03,1.12614995e-02,-5.98357649e-03,5.08543766e-03
0.145036,4.92334642e-03,-1.13382486e-02,-1.96417810e-03,1.11853471e-02,-5.79071565e-03,5.07984635e-03
0.146037,4.92535887e-03,-1.12889309e-02,-1.88813590e-03,1.11101959e-02,-5.59664481e-03,5.07446486e-03
0.147037,4.92778851e-03,-1.12393521e-02,-1.80956309e-03,1.10359972e-02,-5.40130996e-03,5.06928927e-03
0.148037,4.93059107e-03,-1.11894734e-02,-1.72834131e-03,1.09628035e-02,-5.20462047e-03,5.06464044e-03
0.149037,4.93365807e-03,-1.11392452e-02,-1.64461294e-03,1.08904654e-02,-5.00655210e-03,5.06034281e-03
0.150038,4.93692470e-03,-1.10886224e-02,-1.55833927e-03,1.08189623e-02,-4.80702283e-03,5.05655129e-03
0.151038,4.94032164e-03,-1.10375700e-02,-1.46956311e-03,1.07482358e-02,-4.60598577e-03,5.05342425e-03
0.152038,4.94373646e-03,-1.09860313e-02,-1.37843828e-03,1.06781029e-02,-4.40339667e-03,5.05073270e-03
0.153038,4.94712303e-03,-1.09339811e-02,-1.28496238e-03,1.06085479e-02,-4.19920025e-03,5.04878639e-03
0.154039,4.95037873e-03,-1.08813699e-02,-1.18930416e-03,1.05393841e-02,-3.99335744e-03,5.04743455e-03
0.155039,4.95342280e-03,-1.08281652e-02,-1.09161497e-03,1.04704664e-02,-3.78584821e-03,5.04663730e-03
0.156039,4.95620278e-03,-1.07743364e-02,-9.91942525e-04,1.04017194e-02,-3.57661181e-03,5.04661333e-03
0.157039,4.95860557e-03,-1.07198448e-02,-8.90593457e-04,1.03328699e-02,-3.36566583e-03,5.04699387e-03
0.158040,4.96059811e-03,-1.06646720e-02,-7.87609273e-04,1.02638607e-02,-3.15296099e-03,5.04805891e-03
0.159040,4.96208848e-03,-1.06087863e-02,-6.83262151e-04,1.01944460e-02,-2.93850637e-03,5.04955938e-03
0.160040,4.96301802e-03,-1.05521717e-02,-5.77757158e-04,1.01244512e-02,-2.72231196e-03,5.05141956e-03
0.161040,4.96334649e-03,-1.04948102e-02,-4.71219961e-04,1.00537479e-02,-2.50435046e-03,5.05376004e-03
0.162041,4.96299037e-03,-1.04366890e-02,-3.64021064e-04,9.98204494e-03,-2.28469620e-03,5.05613242e-03
0.163041,4.96194067e-03,-1.03777998e-02,-2.56215899e-04,9.90927068e-03,-2.06330725e-03,5.05883718e-03
0.164041,4.96012710e-03,-1.03181398e-02,-1.48190993e-04,9.83513420e-03,-1.84028187e-03,5.06138499e-03
0.165041,4.95753690e-03,-1.02577072e-02,-4.00824494e-05,9.75951096e-03,-1.61561672e-03,5.06389567e-03
0.166042,4.95414439e-03,-1.01965114e-02,6.78477342e-05,9.68221240e-03,-1.38938684e-03,5.06615225e-03
0.167042,4.94991524e-03,-1.01345546e-02,1.75313871e-04,9.60301042e-03,-1.16165281e-03,5.06791185e-03
0.168042,4.94487408e-03,-1.00718594e-02,2.82202551e-04,9.52183686e-03,-9.32459245e-04,5.06928418e-03
0.169042,4.93897529e-03,-1.00084338e-02,3.88123824e-04,9.43839814e-03,-7.01922568e-04,5.06974248e-03
0.170043,4.93227439e-03,-9.94430913e-03,4.93045260e-04,9.35269032e-03,-4.70073303e-04,5.06956347e-03
0.171043,4.92473981e-03,-9.87950406e-03,5.96577383e-04,9.26443934e-03,-2.37058680e-04,5.06815346e-03
0.172043,4.91643199e-03,-9.81405213e-03,6.98676752e-04,9.17363042e-03,-2.91885770e-06,5.06573825e-03
0.173043,4.90735510e-03,-9.74798633e-03,7.99050741e-04,9.08008475e-03,2.32194578e-04,5.06185944e-03
0.174044,4.89755814e-03,-9.68133957e-03,8.97585906e-04,8.98373246e-03,4.68212008e-04,5.05654126e-03
0.175044,4.88708780e-03,-9.61415726e-03,9.94132151e-04,8.88451871e-03,7.04997883e-04,5.04956259e-03
0.176044,4.87598027e-03,-9.54647369e-03,1.08850575e-03,8.78232795e-03,9.42442533e-04,5.04071104e-03
0.177044,4.86431870e-03,-9.47834171e-03,1.18069259e-03,8.67721378e-03,1.18043564e-03,5.03000020e-03
0.178045,4.85212937e-03,-9.40979708e-03,1.27046605e-03,8.56903871e-03,1.41883336e-03,5.01702320e-03
0.179045,4.83952415e-03,-9.34089787e-03,1.35792591e-03,8.45794605e-03,1.65754607e-03,5.00197710e-03
0.180045,4.82652345e-03,-9.27168043e-03,1.44283891e-03,8.34380364e-03,1.89640863e-03,4.98433403e-03
0.181045,4.81325855e-03,-9.20220546e-03,1.52539061e-03,8.22682107e-03,2.13534605e-03,4.96441215e-03
0.182046,4.79974700e-03,-9.13250876e-03,1.60537346e-03,8.10689513e-03,2.37418517e-03,4.94163367e-03
0.183046,4.78613155e-03,-9.06265139e-03,1.68303572e-03,7.98428244e-03,2.61286082e-03,4.91638986e-03
0.184046,4.77242720e-03,-8.99266673e-03,1.75821404e-03,7.85891991e-03,2.85120284e-03,4.88810094e-03
0.185046,4.75878234e-03,-8.92261473e-03,1.83121193e-03,7.73110706e-03,3.08915472e-03,4.85721397e-03
0.186047,4.74520790e-03,-8.85252402e-03,1.90190809e-03,7.60081283e-03,3.32655521e-03,4.82316037e-03
0.187047,4.73185206e-03,-8.78245162e-03,1.97066600e-03,7.46838608e-03,3.56336142e-03,4.78645523e-03
0.188047,4.71872024e-03,-8.71241997e-03,2.03739583e-03,7.33381434e-03,3.79942127e-03,4.74653094e-03
0.189047,4.70595541e-03,-8.64248081e-03,2.10251789e-03,7.19749150e-03,4.03471189e-03,4.70398594e-03
0.190048,4.69355489e-03,-8.57264945e-03,2.16596941e-03,7.05941966e-03,4.26909009e-03,4.65824299e-03
0.191048,4.68165259e-03,-8.50297033e-03,2.22822050e-03,6.92002919e-03,4.50255878e-03,4.60999692e-03
0.192048,4.67023481e-03,-8.43345070e-03,2.28922824e-03,6.77933022e-03,4.73498321e-03,4.55865022e-03
0.193048,4.65942302e-03,-8.36412610e-03,2.34950331e-03,6.63777999e-03,4.96639595e-03,4.50499646e-03
0.194049,4.64919035e-03,-8.29499503e-03,2.40901528e-03,6.49538972e-03,5.19667148e-03,4.44842088e-03
0.195049,4.63964291e-03,-8.22608320e-03,2.46830080e-03,6.35263024e-03,5.42587062e-03,4.38979022e-03
0.196049,4.63073797e-03,-8.15737934e-03,2.52734028e-03,6.20951184e-03,5.65388594e-03,4.32851554e-03
0.197049,4.62256478e-03,-8.08889929e-03,2.58667339e-03,6.06649940e-03,5.88079489e-03,4.26546677e-03
0.198050,4.61506384e-03,-8.02062165e-03,2.64629252e-03,5.92360216e-03,6.10652226e-03,4.20015572e-03
0.199050,4.60830334e-03,-7.95255190e-03,2.70671197e-03,5.78125618e-03,6.33114770e-03,4.13336510e-03
0.200050,4.60221325e-03,-7.88466034e-03,2.76794579e-03,5.63947645e-03,6.55463842e-03,4.06478699e-03
0.201050,4.59683056e-03,-7.81694011e-03,2.83044035e-03,5.49863592e-03,6.77706526e-03,3.99502865e-03
0.202051,4.59208660e-03,-7.74935690e-03,2.89425840e-03,5.35877792e-03,6.99844535e-03,3.92403774e-03
0.203051,4.58797498e-03,-7.68188920e-03,2.95971909e-03,5.22016285e-03,7.21883017e-03,3.85216775e-03
0.204051,4.58444252e-03,-7.61450255e-03,3.02697227e-03,5.08289647e-03,7.43829036e-03,3.77967235e-03
0.205051,4.58142921e-03,-7.54715913e-03,3.09615091e-03,4.94707628e-03,7.65685131e-03,3.70660703e-03
0.206052,4.57890896e-03,-7.47982836e-03,3.16752004e-03,4.81289711e-03,7.87463212e-03,3.63353401e-03
0.207052,4.57676469e-03,-7.41245654e-03,3.24099260e-03,4.68026496e-03,8.09163662e-03,3.56022162e-03
0.208052,4.57499897e-03,-7.34501848e-03,3.31693326e-03,4.54945305e-03,8.30801420e-03,3.48747774e-03
0.209052,4.57345295e-03,-7.27744981e-03,3.39507571e-03,4.42021131e-03,8.52375945e-03,3.41486304e-03
0.210053,4.57213837e-03,-7.20972734e-03,3.47578262e-03,4.29280781e-03,8.73902655e-03,3.34328356e-03
0.211053,4.57089202e-03,-7.14178624e-03,3.55874037e-03,4.16694886e-03,8.95381950e-03,3.27227186e-03
0.212053,4.56969805e-03,-7.07359807e-03,3.64414275e-03,4.04275985e-03,9.16826402e-03,3.20256830e-03
0.213053,4.56843705e-03,-7.00511074e-03,3.73179091e-03,3.92004054e-03,9.38239928e-03,3.13397002e-03
0.214054,4.56702970e-03,-6.93628257e-03,3.82157231e-03,3.79866192e-03,9.59628641e-03,3.06671346e-03
0.215054,4.56543471e-03,-6.86708510e-03,3.91348594e-03,3.67858787e-03,9.81001851e-03,3.00113909e-03
0.216054,4.56350297e-03,-6.79746149e-03,4.00711363e-03,3.55943786e-03,1.00235771e-02,2.93679889e-03
0.217054,4.56126100e-03,-6.72740662e-03,4.10257282e-03,3.44127691e-03,1.02370920e-02,2.87453283e-03
0.218055,4.55853900e-03,-6.65686231e-03,4.19931225e-03,3.32361750e-03,1.04505002e-02,2.81350348e-03
0.219055,4.55536674e-03,-6.58583022e-03,4.29734960e-03,3.20644978e-03,1.06638997e-02,2.75447549e-03
0.220055,4.55163922e-03,-6.51427439e-03,4.39626645e-03,3.08939735e-03,1.08772570e-02,2.69696624e-03
0.221055,4.54731692e-03,-6.44218439e-03,4.49576406e-03,2.97220177e-03,1.10905623e-02,2.64091767e-03
0.222056,4.54241381e-03,-6.36956173e-03,4.59571748e-03,2.85473282e-03,1.13038555e-02,2.58671156e-03
0.223056,4.53681556e-03,-6.29638183e-03,4.69550855e-03,2.73647659e-03,1.15170160e-02,2.53339697e-03
0.224056,4.53061522e-03,-6.22267485e-03,4.79518706e-03,2.61746427e-03,1.17301031e-02,2.48176422e-03
0.225056,4.52371357e-03,-6.14842362e-03,4.89411143e-03,2.49715889e-03,1.19429824e-02,2.43088067e-03
0.226057,4.51617109e-03,-6.07365964e-03,4.99215666e-03,2.37547494e-03,1.21556186e-02,2.38086413e-03
0.227057,4.50800928e-03,-5.99839852e-03,5.08903755e-03,2.25216650e-03,1.23679572e-02,2.33171213e-03
0.228057,4.49919411e-03,-5.92265647e-03,5.18423746e-03,2.12684129e-03,1.25798342e-02,2.28250127e-03
0.229057,4.48986026e-03,-5.84648224e-03,5.27785089e-03,1.99958558e-03,1.27912398e-02,2.23385318e-03
0.230058,4.47995974e-03,-5.76989167e-03,5.36926256e-03,1.86992142e-03,1.30019855e-02,2.18472538e-03
0.231058,4.46960231e-03,-5.69293490e-03,5.45846689e-03,1.73788006e-03,1.32119811e-02,2.13520295e-03
0.232058,4.45886322e-03,-5.61565739e-03,5.54531315e-03,1.60336708e-03,1.34211260e-02,2.08514365e-03
0.233058,4.44773791e-03,-5.53808814e-03,5.62935287e-03,1.46606012e-03,1.36292124e-02,2.03365022e-03
0.234059,4.43641116e-03,-5.46029910e-03,5.71089088e-03,1.32625607e-03,1.38361916e-02,1.98124259e-03
0.235059,4.42486995e-03,-5.38231837e-03,5.78949689e-03,1.18364869e-03,1.40418579e-02,1.92694555e-03
0.236059,4.41323256e-03,-5.30420437e-03,5.86523274e-03,1.03834707e-03,1.42460775e-02,1.87074483e-03
0.237059,4.40162769e-03,-5.22601637e-03,5.93833021e-03,8.90598603e-04,1.44487709e-02,1.81269296e-03
0.238060,4.39003896e-03,-5.14778008e-03,6.00838887e-03,7.40132767e-04,1.46496882e-02,1.75175895e-03
0.239060,4.37865840e-03,-5.06956896e-03,6.07595425e-03,5.87464947e-04,1.48488138e-02,1.68864158e-03
0.240060,4.36751190e-03,-4.99141310e-03,6.14095289e-03,4.32594432e-04,1.50459538e-02,1.62258778e-03
0.241060,4.35664464e-03,-4.91334886e-03,6.20343766e-03,2.75634423e-04,1.52409808e-02,1.55333052e-03
0.242061,4.34622950e-03,-4.83543695e-03,6.26400454e-03,1.17135066e-04,1.54338667e-02,1.48153475e-03
0.243061,4.33621432e-03,-4.75768241e-03,6.32251630e-03,-4.29499195e-05,1.56244199e-02,1.40612570e-03
0.244061,4.32670975e-03,-4.68012810e-03,6.37942173e-03,-2.04187511e-04,1.58126082e-02,1.32765330e-03
0.245061,4.31780083e-03,-4.60280397e-03,6.43520288e-03,-3.66127966e-04,1.59983984e-02,1.24640867e-03
0.246062,4.30940694e-03,-4.52569846e-03,6.48980508e-03,-5.28752941e-04,1.61816448e-02,1.16147798e-03
0.247062,4.30166543e-03,-4.44885008e-03,6.54393687e-03,-6.91427082e-04,1.63623926e-02,1.07398559e-03
0.248062,4.29454832e-03,-4.37224953e-03,6.59787648e-03,-8.53884680e-04,1.65406326e-02,9.83834499e-04
0.249062,4.28799078e-03,-4.29588003e-03,6.65173394e-03,-1.01597436e-03,1.67162452e-02,8.90506912e-04
0.250063,4.28209344e-03,-4.21975699e-03,6.70628705e-03,-1.17703349e-03,1.68894051e-02,7.95462356e-04
0.251063,4.27675407e-03,-4.14384520e-03,6.76160595e-03,-1.33697340e-03,1.70600467e-02,6.98270341e-04
0.252063,4.27190714e-03,-4.06811499e-03,6.81794491e-03,-1.49555149e-03,1.72281971e-02,5.98984959e-04
0.253063,4.26761804e-03,-3.99256448e-03,6.87600053e-03,-1.65218569e-03,1.73940211e-02,4.99034820e-04
0.254064,4.26371557e-03,-3.91713263e-03,6.93564001e-03,-1.80698029e-03,1.75575047e-02,3.97918886e-04
0.255064,4.26014958e-03,-3.84178581e-03,6.99718488e-03,-1.95965462e-03,1.77187275e-02,2.96074600e-04
0.256064,4.25693708e-03,-3.76650278e-03,7.06115850e-03,-2.10979226e-03,1.78778774e-02,1.94814724e-04
0.257064,4.25387321e-03,-3.69121023e-03,7.12722703e-03,-2.25768590e-03,1.80349668e-02,9.36288102e-05
0.258065,4.25091892e-03,-3.61587230e-03,7.19569793e-03,-2.40308251e-03,1.81900999e-02,-6.79957693e-06
0.259065,4.24805965e-03,-3.54045844e-03,7.26685547e-03,-2.54578863e-03,1.83434915e-02,-1.05378645e-04
0.260065,4.24508101e-03,-3.46489100e-03,7.34022100e-03,-2.68622454e-03,1.84951211e-02,-2.02604307e-04
0.261065,4.24195789e-03,-3.38914097e-03,7.41592665e-03,-2.82431076e-03,1.86451489e-02,-2.97734672e-04
0.262066,4.23867096e-03,-3.31317589e-03,7.49413308e-03,-2.95995671e-03,1.87937275e-02,-3.89876761e-04
0.263066,4.23501790e-03,-3.23692854e-03,7.57412885e-03,-3.09379569e-03,1.89408574e-02,-4.79661681e-04
0.264066,4.23098996e-03,-3.16037752e-03,7.65591404e-03,-3.22586120e-03,1.90866511e-02,-5.66348227e-04
0.265066,4.22659475e-03,-3.08350567e-03,7.73949852e-03,-3.35619535e-03,1.92312442e-02,-6.49286095e-04
0.266067,4.22165494e-03,-3.00625899e-03,7.82405301e-03,-3.48552736e-03,1.93745864e-02,-7.29310120e-04
0.267067,4.21618387e-03,-2.92863199e-03,7.90938311e-03,-3.61405467e-03,1.95167465e-02,-8.05835570e-04
0.268067,4.21024206e-03,-2.85063252e-03,7.99545225e-03,-3.74185374e-03,1.96578243e-02,-8.78344196e-04
0.269067,4.20368441e-03,-2.77222176e-03,8.08138449e-03,-3.86968147e-03,1.97976969e-02,-9.47949696e-04
0.270068,4.19655145e-03,-2.69341793e-03,8.16681999e-03,-3.99786392e-03,1.99363809e-02,-1.01445172e-03
0.271068,4.18895749e-03,-2.61424937e-03,8.25175110e-03,-4.12644141e-03,2.00739152e-02,-1.07721074e-03
0.272068,4.18082112e-03,-2.53470938e-03,8.33538517e-03,-4.25608566e-03,2.02101466e-02,-1.13767508e-03
0.273068,4.17217232e-03,-2.45481992e-03,8.41723510e-03,-4.38720464e-03,2.03449686e-02,-1.19613974e-03
0.274069,4.16319809e-03,-2.37464463e-03,8.49740990e-03,-4.51972488e-03,2.04784178e-02,-1.25187802e-03
0.275069,4.15387354e-03,-2.29419572e-03,8.57530783e-03,-4.65414126e-03,2.06102926e-02,-1.30624635e-03
0.276069,4.14421332e-03,-2.21350249e-03,8.65041933e-03,-4.79084948e-03,2.07403963e-02,-1.36030539e-03
0.277069,4.13443631e-03,-2.13264399e-03,8.72298367e-03,-4.92964141e-03,2.08687275e-02,-1.41327389e-03
0.278070,4.12459507e-03,-2.05165776e-03,8.79272802e-03,-5.07072429e-03,2.09951094e-02,-1.46600859e-03
0.279070,4.11466651e-03,-1.97056778e-03,8.85920077e-03,-5.21441877e-03,2.11192810e-02,-1.52018642e-03
0.280070,4.10485256e-03,-1.88945109e-03,8.92272242e-03,-5.36041253e-03,2.12411608e-02,-1.57535698e-03
0.281070,4.09528083e-03,-1.80836557e-03,8.98351122e-03,-5.50849479e-03,2.13606907e-02,-1.63150602e-03
0.282071,4.08589883e-03,-1.72732532e-03,9.04116943e-03,-5.65892585e-03,2.14775521e-02,-1.69042343e-03
0.283071,4.07682127e-03,-1.64638340e-03,9.09609427e-03,-5.81130165e-03,2.15916519e-02,-1.75228925e-03
0.284071,4.06823058e-03,-1.56560525e-03,9.14890377e-03,-5.96505625e-03,2.17029626e-02,-1.81638408e-03
0.285071,4.06007105e-03,-1.48499675e-03,9.19951445e-03,-6.12020015e-03,2.18113112e-02,-1.88377277e-03
0.286072,4.05233146e-03,-1.40457255e-03,9.24811128e-03,-6.27648870e-03,2.19165147e-02,-1.95529937e-03
0.287072,4.04517451e-03,-1.32438243e-03,9.29562441e-03,-6.43307984e-03,2.20186187e-02,-2.02999643e-03
0.288072,4.03859352e-03,-1.24443133e-03,9.34240382e-03,-6.58963401e-03,2.21176004e-02,-2.10780433e-03
0.289072,4.03245855e-03,-1.16469415e-03,9.38840715e-03,-6.74610994e-03,2.22132961e-02,-2.18966576e-03
0.290073,4.02682278e-03,-1.08518175e-03,9.43442109e-03,-6.90178667e-03,2.23057733e-02,-2.27487537e-03
0.291073,4.02174865e-03,-1.00590200e-03,9.48127766e-03,-7.05591932e-03,2.23951162e-02,-2.36240346e-03
0.292073,4.01706055e-03,-9.26802540e-04,9.52892037e-03,-7.20852598e-03,2.24813323e-02,-2.45261168e-03
0.293073,4.01265833e-03,-8.47849576e-04,9.57757757e-03,-7.35935381e-03,2.25643969e-02,-2.54534531e-03
0.294074,4.00860125e-03,-7.69037426e-04,9.62814429e-03,-7.50763816e-03,2.26445456e-02,-2.63901861e-03
0.295074,4.00479827e-03,-6.90321744e-04,9.68092596e-03,-7.65310626e-03,2.27218723e-02,-2.73310468e-03
0.296074,4.00102572e-03,-6.11628671e-04,9.73558550e-03,-7.79603070e-03,2.27964090e-02,-2.82783728e-03
0.297074,3.99724993e-03,-5.32928370e-04,9.79245570e-03,-7.93612613e-03,2.28683209e-02,-2.92194385e-03
0.298075,3.99349498e-03,-4.54198306e-04,9.85209649e-03,-8.07294427e-03,2.29378513e-02,-3.01386152e-03
0.299075,3.98957854e-03,-3.75367921e-04,9.91416785e-03,-8.20679351e-03,2.30050794e-02,-3.10371801e-03
0.300075,3.98532589e-03,-2.96373926e-04,9.97817268e-03,-8.33810213e-03,2.30700518e-02,-3.19138755e-03
0.301075,3.98078538e-03,-2.17207586e-04,1.00442975e-02,-8.46676399e-03,2.31330239e-02,-3.27514965e-03
0.302076,3.97595217e-03,-1.37842296e-04,1.01125843e-02,-8.59278894e-03,2.31941526e-02,-3.35401554e-03
0.303076,3.97064785e-03,-5.82186554e-05,1.01822015e-02,-8.71692235e-03,2.32534439e-02,-3.42884677e-03
0.304076,3.96479950e-03,2.16929458e-05,1.02525582e-02,-8.83968805e-03,2.33109204e-02,-3.49939060e-03
0.305076,3.95853905e-03,1.01867696e-04,1.03236578e-02,-8.96115785e-03,2.33667957e-02,-3.56411607e-03
0.306077,3.95187421e-03,1.82313148e-04,1.03950949e-02,-9.08173025e-03,2.34211049e-02,-3.62292883e-03
0.307077,3.94468132e-03,2.63058733e-04,1.04658619e-02,-9.20228483e-03,2.34737126e-02,-3.67736518e-03
0.308077,3.93700466e-03,3.44086583e-04,1.05354214e-02,-9.32330171e-03,2.35245824e-02,-3.72751423e-03
0.309077,3.92904095e-03,4.25339585e-04,1.06037415e-02,-9.44486496e-03,2.35738037e-02,-3.77230999e-03
0.310078,3.92083445e-03,5.06794767e-04,1.06703027e-02,-9.56745610e-03,2.36212916e-02,-3.81249732e-03
0.311078,3.91231755e-03,5.88451218e-04,1.07341947e-02,-9.69183477e-03,2.36667661e-02,-3.85016563e-03
0.312078,3.90360954e-03,6.70255653e-04,1.07951949e-02,-9.81818486e-03,2.37101173e-02,-3.88590504e-03
0.313078,3.89494347e-03,7.52128687e-04,1.08534680e-02,-9.94638040e-03,2.37513135e-02,-3.91910829e-03
0.314079,3.88637752e-03,8.34030177e-04,1.09087426e-02,-1.00766585e-02,2.37902122e-02,-3.95087084e-03
0.315079,3.87786284e-03,9.15944246e-04,1.09604251e-02,-1.02094645e-02,2.38264536e-02,-3.98351348e-03
0.316079,3.86951740e-03,9.97813515e-04,1.10087327e-02,-1.03445614e-02,2.38598819e-02,-4.01787333e-03
0.317079,3.86156093e-03,1.07955897e-03,1.10542781e-02,-1.04813961e-02,2.38904469e-02,-4.05351895e-03
0.318080,3.85402937e-03,1.16114768e-03,1.10971796e-02,-1.06198323e-02,2.39180120e-02,-4.09122970e-03
0.319080,3.84683088e-03,1.24257767e-03,1.11372508e-02,-1.07599442e-02,2.39422884e-02,-4.13293535e-03
0.320080,3.84001492e-03,1.32381672e-03,1.11750155e-02,-1.09011913e-02,2.39631195e-02,-4.17931191e-03
0.321080,3.83373548e-03,1.40481526e-03,1.12115251e-02,-1.10426212e-02,2.39805552e-02,-4.22957920e-03
0.322081,3.82798949e-03,1.48556442e-03,1.12472805e-02,-1.11837457e-02,2.39945480e-02,-4.28373929e-03
0.323081,3.82260572e-03,1.56609942e-03,1.12822885e-02,-1.13244856e-02,2.40049917e-02,-4.34275919e-03
0.324081,3.81752803e-03,1.64642979e-03,1.13170658e-02,-1.14642936e-02,2.40117952e-02,-4.40676440e-03
0.325081,3.81283134e-03,1.72654657e-03,1.13527458e-02,-1.16021606e-02,2.40151605e-02,-4.47430408e-03
0.326082,3.80848795e-03,1.80646849e-03,1.13900384e-02,-1.17374289e-02,2.40151942e-02,-4.54440701e-03
0.327082,3.80428054e-03,1.88626237e-03,1.14288440e-02,-1.18701465e-02,2.40119562e-02,-4.61709818e-03
0.328082,3.80005284e-03,1.96597975e-03,1.14692374e-02,-1.20001886e-02,2.40054947e-02,-4.69187529e-03
0.329082,3.79582857e-03,2.04563683e-03,1.15119454e-02,-1.21269196e-02,2.39960671e-02,-4.76681120e-03
0.330083,3.79161088e-03,2.12526085e-03,1.15575544e-02,-1.22498473e-02,2.39839440e-02,-4.84014549e-03
0.331083,3.78722065e-03,2.20492150e-03,1.16057648e-02,-1.23692315e-02,2.39692550e-02,-4.91142987e-03
0.332083,3.78246545e-03,2.28468582e-03,1.16559436e-02,-1.24856223e-02,2.39521060e-02,-4.98028890e-03
0.333083,3.77734146e-03,2.36457515e-03,1.17080507e-02,-1.25990728e-02,2.39327026e-02,-5.04496529e-03
0.334084,3.77194585e-03,2.44458934e-03,1.17622917e-02,-1.27094840e-02,2.39113533e-02,-5.10352595e-03
0.335084,3.76623162e-03,2.52476347e-03,1.18182788e-02,-1.28172313e-02,2.38881698e-02,-5.15544427e-03
0.336084,3.76005476e-03,2.60514450e-03,1.18749269e-02,-1.29232997e-02,2.38631690e-02,-5.20145014e-03
0.337084,3.75339290e-03,2.68574349e-03,1.19314364e-02,-1.30284079e-02,2.38363729e-02,-5.24118001e-03
0.338085,3.74641893e-03,2.76652018e-03,1.19876282e-02,-1.31327991e-02,2.38079519e-02,-5.27333035e-03
0.339085,3.73926845e-03,2.84744483e-03,1.20432491e-02,-1.32367693e-02,2.37779705e-02,-5.29747873e-03
0.340085,3.73191069e-03,2.92852127e-03,1.20974189e-02,-1.33411235e-02,2.37462902e-02,-5.31526594e-03
0.341085,3.72430098e-03,3.00974669e-03,1.21491241e-02,-1.34467470e-02,2.37126919e-02,-5.32858976e-03
0.342086,3.71657484e-03,3.09106803e-03,1.21979759e-02,-1.35540004e-02,2.36770771e-02,-5.33781610e-03
0.343086,3.70896975e-03,3.17240695e-03,1.22441231e-02,-1.36628127e-02,2.36394458e-02,-5.34267265e-03
0.344086,3.70159625e-03,3.25371725e-03,1.22874343e-02,-1.37733198e-02,2.35996254e-02,-5.34434895e-03
0.345086,3.69439606e-03,3.33499007e-03,1.23274328e-02,-1.38859117e-02,2.35573042e-02,-5.34574442e-03
0.346087,3.68735448e-03,3.41620136e-03,1.23638146e-02,-1.40007783e-02,2.35121272e-02,-5.34922674e-03
0.347087,3.68061618e-03,3.49728902e-03,1.23971069e-02,-1.41174385e-02,2.34640169e-02,-5.35516944e-03
0.348087,3.67435536e-03,3.57818752e-03,1.24280494e-02,-1.42352280e-02,2.34129111e-02,-5.36336547e-03
0.349087,3.66856034e-03,3.65888252e-03,1.24570494e-02,-1.43537583e-02,2.33586849e-02,-5.37492727e-03
0.350088,3.66307956e-03,3.73939480e-03,1.24841725e-02,-1.44728677e-02,2.33010474e-02,-5.39214406e-03
0.351088,3.65782361e-03,3.81973332e-03,1.25098644e-02,-1.45920565e-02,2.32398312e-02,-5.41625393e-03
0.352088,3.65285483e-03,3.89987582e-03,1.25351640e-02,-1.47103473e-02,2.31751005e-02,-5.44638427e-03
0.353088,3.64823231e-03,3.97980776e-03,1.25611244e-02,-1.48267813e-02,2.31070187e-02,-5.48091568e-03
0.354089,3.64383897e-03,4.05956415e-03,1.25881811e-02,-1.49409370e-02,2.30356884e-02,-5.51926802e-03
0.355089,3.63944387e-03,4.13920888e-03,1.26163671e-02,-1.50526834e-02,2.29610564e-02,-5.56186127e-03
0.356089,3.63490600e-03,4.21878998e-03,1.26459524e-02,-1.51617148e-02,2.28832269e-02,-5.60817948e-03
0.357089,3.63024799e-03,4.29831872e-03,1.26777020e-02,-1.52673045e-02,2.28024290e-02,-5.65600953e-03
0.358090,3.62551676e-03,4.37780713e-03,1.27121667e-02,-1.53690063e-02,2.27190694e-02,-5.70248505e-03
0.359090,3.62061821e-03,4.45729990e-03,1.27491955e-02,-1.54669536e-02,2.26333822e-02,-5.74579945e-03
0.360090,3.61536722e-03,4.53686144e-03,1.27880266e-02,-1.55618183e-02,2.25455005e-02,-5.78537212e-03
0.361090,3.60967047e-03,4.61653132e-03,1.28281017e-02,-1.56540758e-02,2.24555268e-02,-5.82041784e-03
0.362091,3.60361974e-03,4.69630471e-03,1.28693564e-02,-1.57438221e-02,2.23636947e-02,-5.84916089e-03
0.363091,3.59736676e-03,4.77616165e-03,1.29117505e-02,-1.58311749e-02,2.22702821e-02,-5.86962281e-03
0.364091,3.59095372e-03,4.85610362e-03,1.29546224e-02,-1.59167932e-02,2.21754343e-02,-5.88096598e-03
0.365091,3.58431293e-03,4.93614850e-03,1.29967364e-02,-1.60018248e-02,2.20791240e-02,-5.88390296e-03
0.366092,3.57742022e-03,5.01629612e-03,1.30369824e-02,-1.60872669e-02,2.19812167e-02,-5.87937458e-03
0.367092,3.57041779e-03,5.09650216e-03,1.30749944e-02,-1.61735064e-02,2.18816661e-02,-5.86792345e-03
0.368092,3.56353199e-03,5.17670297e-03,1.31108241e-02,-1.62605562e-02,2.17804266e-02,-5.84972954e-03
0.369092,3.55689579e-03,5.25685463e-03,1.31443722e-02,-1.63485820e-02,2.16774172e-02,-5.82609453e-03
0.370093,3.55048727e-03,5.33694407e-03,1.31749936e-02,-1.64381607e-02,2.15723606e-02,-5.79946042e-03
0.371093,3.54423472e-03,5.41696279e-03,1.32020687e-02,-1.65298229e-02,2.14649384e-02,-5.77261593e-03
0.372093,3.53817214e-03,5.49687477e-03,1.32255956e-02,-1.66235368e-02,2.13548786e-02,-5.74741817e-03
0.373093,3.53244114e-03,5.57662356e-03,1.32463539e-02,-1.67186027e-02,2.12420442e-02,-5.72476849e-03
0.374094,3.52714483e-03,5.65616980e-03,1.32653126e-02,-1.68141522e-02,2.11263389e-02,-5.70562274e-03
0.375094,3.52222475e-03,5.73551632e-03,1.32830201e-02,-1.69096414e-02,2.10075833e-02,-5.69176771e-03
0.376094,3.51749171e-03,5.81469819e-03,1.32996221e-02,-1.70048505e-02,2.08855970e-02,-5.68511372e-03
0.377094,3.51279032e-03,5.89373970e-03,1.33153638e-02,-1.70994348e-02,2.07602277e-02,-5.68653413e-03
0.378095,3.50809964e-03,5.97264099e-03,1.33310433e-02,-1.71926234e-02,2.06315913e-02,-5.69488429e-03
0.379095,3.50347746e-03,6.05139011e-03,1.33478102e-02,-1.72833344e-02,2.04998652e-02,-5.70815035e-03
0.380095,3.49891021e-03,6.13000575e-03,1.33665194e-02,-1.73707911e-02,2.03653141e-02,-5.72457502e-03
0.381095,3.49424630e-03,6.20854128e-03,1.33873739e-02,-1.74547339e-02,2.02280566e-02,-5.74342741e-03
0.382096,3.48928574e-03,6.28706158e-03,1.34100374e-02,-1.75353873e-02,2.00882269e-02,-5.76399700e-03
0.383096,3.48393317e-03,6.36560213e-03,1.34342116e-02,-1.76129518e-02,1.99460278e-02,-5.78437518e-03
0.384096,3.47826273e-03,6.44415792e-03,1.34599077e-02,-1.76874242e-02,1.98018174e-02,-5.80120044e-03
0.385096,3.47242617e-03,6.52270848e-03,1.34872276e-02,-1.77587811e-02,1.96559997e-02,-5.81096499e-03
0.386097,3.46650607e-03,6.60125186e-03,1.35159040e-02,-1.78273250e-02,1.95088461e-02,-5.81155158e-03
0.387097,3.46046545e-03,6.67981217e-03,1.35450758e-02,-1.78938795e-02,1.93604428e-02,-5.80296826e-03
0.388097,3.45423172e-03,6.75841387e-03,1.35736014e-02,-1.79594593e-02,1.92107170e-02,-5.78607051e-03
0.389097,3.44783802e-03,6.83704708e-03,1.36006008e-02,-1.80248987e-02,1.90596393e-02,-5.76149674e-03
0.390098,3.44145734e-03,6.91566218e-03,1.36256684e-02,-1.80906174e-02,1.89072260e-02,-5.72877378e-03
0.391098,3.43530870e-03,6.99419692e-03,1.36487580e-02,-1.81567886e-02,1.87535359e-02,-5.68767659e-03
0.392098,3.42951560e-03,7.07261130e-03,1.36696961e-02,-1.82236583e-02,1.85984679e-02,-5.63928531e-03
0.393098,3.42403919e-03,7.15090305e-03,1.36880868e-02,-1.82916304e-02,1.84417386e-02,-5.58676886e-03
0.394099,3.41875897e-03,7.22908572e-03,1.37035105e-02,-1.83610540e-02,1.82829303e-02,-5.53424669e-03
0.395099,3.41359994e-03,7.30715892e-03,1.37159776e-02,-1.84318692e-02,1.81216779e-02,-5.48518730e-03
0.396099,3.40859768e-03,7.38509622e-03,1.37261191e-02,-1.85034816e-02,1.79578013e-02,-5.44129754e-03
0.397099,3.40384182e-03,7.46286098e-03,1.37349215e-02,-1.85749935e-02,1.77912590e-02,-5.40290611e-03
0.398100,3.39934732e-03,7.54044187e-03,1.37432821e-02,-1.86456040e-02,1.76220950e-02,-5.37000955e-03
0.399100,3.39499163e-03,7.61786296e-03,1.37516811e-02,-1.87148130e-02,1.74502353e-02,-5.34336769e-03
0.400100,3.39055648e-03,7.69517782e-03,1.37602864e-02,-1.87823800e-02,1.72756213e-02,-5.32397321e-03
0.401100,3.38585680e-03,7.77243143e-03,1.37693184e-02,-1.88479525e-02,1.70981824e-02,-5.31226138e-03
0.402101,3.38084754e-03,7.84964161e-03,1.37792844e-02,-1.89109832e-02,1.69180953e-02,-5.30672163e-03
0.403101,3.37560695e-03,7.92679858e-03,1.37908839e-02,-1.89707777e-02,1.67356866e-02,-5.30417557e-03
0.404101,3.37024558e-03,8.00388992e-03,1.38045588e-02,-1.90269471e-02,1.65514130e-02,-5.30064243e-03
0.405101,3.36479906e-03,8.08092119e-03,1.38201516e-02,-1.90796452e-02,1.63656587e-02,-5.29275945e-03
0.406102,3.35921133e-03,8.15791773e-03,1.38368781e-02,-1.91295783e-02,1.61786608e-02,-5.27845899e-03
0.407102,3.35341260e-03,8.23490421e-03,1.38537100e-02,-1.91776685e-02,1.59905265e-02,-5.25677783e-03
0.408102,3.34741901e-03,8.31188046e-03,1.38698464e-02,-1.92246297e-02,1.58013068e-02,-5.22697835e-03
0.409102,3.34137606e-03,8.38881436e-03,1.38849582e-02,-1.92708252e-02,1.56111002e-02,-5.18830323e-03
0.410103,3.33549731e-03,8.46565542e-03,1.38989904e-02,-1.93163836e-02,1.54200058e-02,-5.13988669e-03
0.411103,3.32994447e-03,8.54236505e-03,1.39118388e-02,-1.93615419e-02,1.52280839e-02,-5.08199273e-03
0.412103,3.32475485e-03,8.61892864e-03,1.39230348e-02,-1.94068066e-02,1.50352196e-02,-5.01615155e-03
0.413103,3.31983327e-03,8.69535872e-03,1.39319182e-02,-1.94528422e-02,1.48411493e-02,-4.94550927e-03
0.414104,3.31505020e-03,8.77167006e-03,1.39379605e-02,-1.95001237e-02,1.46454917e-02,-4.87375196e-03
0.415104,3.31032853e-03,8.84786494e-03,1.39412327e-02,-1.95485798e-02,1.44479051e-02,-4.80424901e-03
0.416104,3.30567956e-03,8.92392779e-03,1.39424582e-02,-1.95975430e-02,1.42481552e-02,-4.73938786e-03
0.417104,3.30115299e-03,8.99984026e-03,1.39427515e-02,-1.96459965e-02,1.40461403e-02,-4.68061343e-03
0.418105,3.29674895e-03,9.07560239e-03,1.39431238e-02,-1.96930112e-02,1.38418591e-02,-4.62876624e-03
0.419105,3.29236578e-03,9.15123949e-03,1.39441139e-02,-1.97380294e-02,1.36353099e-02,-4.58449760e-03
0.420105,3.28782547e-03,9.22679620e-03,1.39457370e-02,-1.97809504e-02,1.34265408e-02,-4.54788298e-03
0.421105,3.28295755e-03,9.30231026e-03,1.39477828e-02,-1.98218155e-02,1.32155932e-02,-4.51822088e-03
0.422106,3.27770614e-03,9.37779507e-03,1.39501501e-02,-1.98606270e-02,1.30026711e-02,-4.49325782e-03
0.423106,3.27214742e-03,9.45323238e-03,1.39530412e-02,-1.98971124e-02,1.27880531e-02,-4.46959917e-03
0.424106,3.26645888e-03,9.52858777e-03,1.39568028e-02,-1.99309641e-02,1.25721414e-02,-4.44327325e-03
0.425106,3.26081512e-03,9.60382999e-03,1.39616099e-02,-1.99620391e-02,1.23553040e-02,-4.41078679e-03
0.426107,3.25531189e-03,9.67894812e-03,1.39671500e-02,-1.99906674e-02,1.21378159e-02,-4.36997362e-03
0.427107,3.24994843e-03,9.75394916e-03,1.39726066e-02,-2.00176206e-02,1.19197922e-02,-4.32011277e-03
0.428107,3.24467667e-03,9.82884342e-03,1.39769174e-02,-2.00438856e-02,1.17012108e-02,-4.26153836e-03
0.429107,3.23947529e-03,9.90362823e-03,1.39792194e-02,-2.00702945e-02,1.14819784e-02,-4.19510954e-03
0.430108,3.23439627e-03,9.97827868e-03,1.39791390e-02,-2.00972450e-02,1.12619754e-02,-4.12170920e-03
0.431108,3.22954178e-03,1.00527616e-02,1.39769268e-02,-2.01246302e-02,1.10410999e-02,-4.04260779e-03
0.432108,3.22500339e-03,1.01270484e-02,1.39731516e-02,-2.01520244e-02,1.08192039e-02,-3.95966416e-03
0.433108,3.22077167e-03,1.02011434e-02,1.39684494e-02,-2.01789507e-02,1.05961104e-02,-3.87588532e-03
0.434109,3.21672114e-03,1.02750778e-02,1.39631864e-02,-2.02050774e-02,1.03715450e-02,-3.79508833e-03
0.435109,3.21263632e-03,1.03489055e-02,1.39574601e-02,-2.02302724e-02,1.01452448e-02,-3.72105687e-03
0.436109,3.20830397e-03,1.04226747e-02,1.39512364e-02,-2.02544498e-02,9.91699276e-03,-3.65649614e-03
0.437109,3.20360228e-03,1.04964089e-02,1.39445915e-02,-2.02774222e-02,9.68674897e-03,-3.60194697e-03
0.438110,3.19854312e-03,1.05700994e-02,1.39378328e-02,-2.02988106e-02,9.45466729e-03,-3.55564325e-03
0.439110,3.19325001e-03,1.06437127e-02,1.39314366e-02,-2.03181190e-02,9.22106672e-03,-3.51406408e-03
0.440110,3.18788820e-03,1.07172118e-02,1.39258118e-02,-2.03349646e-02,8.98635159e-03,-3.47306150e-03
0.441110,3.18258564e-03,1.07905708e-02,1.39210645e-02,-2.03492285e-02,8.75087535e-03,-3.42903017e-03
0.442111,3.17738973e-03,1.08637870e-02,1.39168483e-02,-2.03612351e-02,8.51488936e-03,-3.37970070e-03
0.443111,3.17228242e-03,1.09368677e-02,1.39124694e-02,-2.03715666e-02,8.27849572e-03,-3.32396284e-03
0.444111,3.16722696e-03,1.10098231e-02,1.39071413e-02,-2.03809469e-02,8.04171220e-03,-3.26170377e-03
0.445111,3.16222730e-03,1.10826455e-02,1.39002606e-02,-2.03899156e-02,7.80451171e-03,-3.19287852e-03
0.446112,3.15734743e-03,1.11553122e-02,1.38916490e-02,-2.03987116e-02,7.56688594e-03,-3.11753299e-03
0.447112,3.15268857e-03,1.12277905e-02,1.38815148e-02,-2.04072475e-02,7.32883237e-03,-3.03578613e-03
0.448112,3.14832672e-03,1.13000582e-02,1.38703250e-02,-2.04152402e-02,7.09032421e-03,-2.94851424e-03
0.449112,3.14425345e-03,1.13721178e-02,1.38585491e-02,-2.04223858e-02,6.85125642e-03,-2.85777240e-03
0.450113,3.14035018e-03,1.14440016e-02,1.38464791e-02,-2.04284813e-02,6.61142003e-03,-2.76688300e-03
0.451113,3.13641415e-03,1.15157648e-02,1.38341815e-02,-2.04334640e-02,6.37054581e-03,-2.67983681e-03
0.452113,3.13222690e-03,1.15874632e-02,1.38215772e-02,-2.04373064e-02,6.12835716e-03,-2.60034359e-03
0.453113,3.12764491e-03,1.16591346e-02,1.38086039e-02,-2.04399521e-02,5.88471861e-03,-2.53041237e-03
0.454114,3.12264200e-03,1.17307824e-02,1.37953159e-02,-2.04411928e-02,5.63964806e-03,-2.46995906e-03
0.455114,3.11733731e-03,1.18023765e-02,1.37819062e-02,-2.04407748e-02,5.39340981e-03,-2.41624388e-03
0.456114,3.11193195e-03,1.18738633e-02,1.37685859e-02,-2.04384386e-02,5.14639124e-03,-2.36498935e-03
0.457114,3.10664369e-03,1.19451880e-02,1.37554284e-02,-2.04341368e-02,4.89904057e-03,-2.31135286e-03
0.458115,3.10162972e-03,1.20163091e-02,1.37422528e-02,-2.04280651e-02,4.65172007e-03,-2.25130764e-03
0.459115,3.09694348e-03,1.20872108e-02,1.37286222e-02,-2.04206754e-02,4.40462434e-03,-2.18260501e-03
0.460115,3.09253782e-03,1.21579010e-02,1.37139850e-02,-2.04125161e-02,4.15774768e-03,-2.10509054e-03
0.461115,3.08830536e-03,1.22284006e-02,1.36978825e-02,-2.04040309e-02,3.91092169e-03,-2.02035322e-03
0.462116,3.08413065e-03,1.22987347e-02,1.36801800e-02,-2.03953813e-02,3.66389866e-03,-1.93109718e-03
0.463116,3.07993506e-03,1.23689188e-02,1.36611198e-02,-2.03863627e-02,3.41643847e-03,-1.84018987e-03
0.464116,3.07569137e-03,1.24389622e-02,1.36413076e-02,-2.03764872e-02,3.16839312e-03,-1.75010636e-03
0.465116,3.07140749e-03,1.25088654e-02,1.36214622e-02,-2.03651305e-02,2.91970707e-03,-1.66261667e-03
0.466117,3.06709684e-03,1.25786341e-02,1.36021677e-02,-2.03518247e-02,2.67043087e-03,-1.57870465e-03
0.467117,3.06274813e-03,1.26482774e-02,1.35836553e-02,-2.03363624e-02,2.42064711e-03,-1.49886798e-03
0.468117,3.05831878e-03,1.27178121e-02,1.35656976e-02,-2.03189370e-02,2.17044974e-03,-1.42312944e-03
0.469117,3.05375077e-03,1.27872529e-02,1.35477071e-02,-2.03000092e-02,1.91990499e-03,-1.35117952e-03
0.470118,3.04900608e-03,1.28566056e-02,1.35289386e-02,-2.02801595e-02,1.66906197e-03,-1.28222291e-03
0.471118,3.04410062e-03,1.29258582e-02,1.35087651e-02,-2.02598579e-02,1.41797269e-03,-1.21491289e-03
0.472118,3.03911883e-03,1.29949790e-02,1.34868760e-02,-2.02392994e-02,1.16671680e-03,-1.14737391e-03
0.473118,3.03420005e-03,1.30639252e-02,1.34634002e-02,-2.02183527e-02,9.15414847e-04,-1.07747051e-03
0.474119,3.02949932e-03,1.31326499e-02,1.34387980e-02,-2.01966119e-02,6.64213756e-04,-1.00318845e-03
0.475119,3.02512530e-03,1.32011258e-02,1.34137275e-02,-2.01735862e-02,4.13248332e-04,-9.23340103e-04
0.476119,3.02110704e-03,1.32693451e-02,1.33887798e-02,-2.01488296e-02,1.62606431e-04,-8.37765945e-04
0.477119,3.01735827e-03,1.33373354e-02,1.33642985e-02,-2.01221606e-02,-8.77175728e-05,-7.47774062e-04
0.478120,3.01370948e-03,1.34051422e-02,1.33402949e-02,-2.00936330e-02,-3.37814807e-04,-6.55681269e-04
0.479120,3.00994940e-03,1.34728233e-02,1.33164675e-02,-2.00635564e-02,-5.87846254e-04,-5.64395476e-04
0.480120,3.00589456e-03,1.35404259e-02,1.32923435e-02,-2.00323267e-02,-8.37984676e-04,-4.76596041e-04
0.481120,3.00144940e-03,1.36079740e-02,1.32674484e-02,-2.00003049e-02,-1.08835583e-03,-3.94024621e-04
0.482121,2.99664050e-03,1.36754604e-02,1.32414650e-02,-1.99676938e-02,-1.33898776e-03,-3.17000248e-04
0.483121,2.99160822e-03,1.37428476e-02,1.32143016e-02,-1.99344861e-02,-1.58979359e-03,-2.44412626e-04
0.484121,2.98656739e-03,1.38100815e-02,1.31861084e-02,-1.99005084e-02,-1.84058625e-03,-1.73999650e-04
0.485121,2.98174073e-03,1.38771034e-02,1.31571612e-02,-1.98654792e-02,-2.09112621e-03,-1.03081948e-04
0.486122,2.97728349e-03,1.39438747e-02,1.31277793e-02,-1.98291594e-02,-2.34119487e-03,-2.93222020e-05
0.487122,2.97324898e-03,1.40103774e-02,1.30981898e-02,-1.97913760e-02,-2.59063488e-03,4.87268722e-05
0.488122,2.96955636e-03,1.40766298e-02,1.30684867e-02,-1.97521272e-02,-2.83941115e-03,1.31139987e-04
0.489122,2.96603258e-03,1.41426687e-02,1.30386215e-02,-1.97114990e-02,-3.08758291e-03,2.16868320e-04
0.490123,2.96245691e-03,1.42085454e-02,1.30084588e-02,-1.96696572e-02,-3.33529164e-03,3.04014882e-04
0.491123,2.95863335e-03,1.42743044e-02,1.29778445e-02,-1.96267455e-02,-3.58269128e-03,3.90525627e-04
0.492123,2.95444838e-03,1.43399725e-02,1.29466697e-02,-1.95828474e-02,-3.82989624e-03,4.74764786e-04
0.493123,2.94990568e-03,1.44055511e-02,1.29149048e-02,-1.95379660e-02,-4.07693723e-03,5.55970774e-04
0.494124,2.94511920e-03,1.44710152e-02,1.28825843e-02,-1.94920297e-02,-4.32374552e-03,6.34343288e-04
0.495124,2.94028088e-03,1.45363249e-02,1.28497857e-02,-1.94449609e-02,-4.57017853e-03,7.10917372e-04
0.496124,2.93559930e-03,1.46014325e-02,1.28165679e-02,-1.93966794e-02,-4.81604950e-03,7.87078043e-04
0.497124,2.93123181e-03,1.46663053e-02,1.27829614e-02,-1.93471869e-02,-5.06120502e-03,8.64087770e-04
0.498125,2.92724770e-03,1.47309247e-02,1.27489408e-02,-1.92965052e-02,-5.30553716e-03,9.42669588e-04
0.499125,2.92359375e-03,1.47953022e-02,1.27144634e-02,-1.92447131e-02,-5.54904250e-03,1.02275292e-03
0.500125,2.92012473e-03,1.48594655e-02,1.26794819e-02,-1.91918594e-02,-5.79177937e-03,1.10359939e-03
0.501125,2.91663916e-03,1.49234567e-02,1.26439855e-02,-1.91379703e-02,-6.03385933e-03,1.18407335e-03
0.502126,2.91294535e-03,1.49873146e-02,1.26079985e-02,-1.90830175e-02,-6.27538165e-03,1.26310507e-03
0.503126,2.90891808e-03,1.50510639e-02,1.25715707e-02,-1.90269429e-02,-6.51639312e-03,1.34010427e-03
0.504126,2.90453982e-03,1.51147074e-02,1.25347490e-02,-1.89696956e-02,-6.75686071e-03,1.41522874e-03
0.505126,2.89990254e-03,1.51782227e-02,1.24975429e-02,-1.89112483e-02,-6.99666227e-03,1.48935583e-03
0.506127,2.89518589e-03,1.52415719e-02,1.24599222e-02,-1.88516478e-02,-7.23563470e-03,1.56382837e-03
0.507127,2.89060014e-03,1.53047067e-02,1.24218134e-02,-1.87909609e-02,-7.47359024e-03,1.64000347e-03
0.508127,2.88631860e-03,1.53675926e-02,1.23831581e-02,-1.87292946e-02,-7.71041617e-03,1.71869074e-03
0.509127,2.88243300e-03,1.54302083e-02,1.23439296e-02,-1.86666944e-02,-7.94605735e-03,1.79988009e-03
0.510128,2.87890977e-03,1.54925649e-02,1.23041883e-02,-1.86031547e-02,-8.18058239e-03,1.88252472e-03
0.511128,2.87561146e-03,1.55546931e-02,1.22640571e-02,-1.85385715e-02,-8.41411464e-03,1.96483952e-03
0.512128,2.87232804e-03,1.56166420e-02,1.22236958e-02,-1.84727994e-02,-8.64681683e-03,2.04475499e-03
0.513128,2.86884557e-03,1.56784597e-02,1.21832253e-02,-1.84056946e-02,-8.87881239e-03,2.12055594e-03
0.514129,2.86500984e-03,1.57401798e-02,1.21426615e-02,-1.83371892e-02,-9.11014042e-03,2.19144913e-03
0.515129,2.86077875e-03,1.58018102e-02,1.21018774e-02,-1.82673502e-02,-9.34073369e-03,2.25793107e-03
0.516129,2.85623074e-03,1.58633276e-02,1.20606126e-02,-1.81963613e-02,-9.57041337e-03,2.32168481e-03
0.517129,2.85154905e-03,1.59246868e-02,1.20185618e-02,-1.81245061e-02,-9.79895997e-03,2.38523327e-03
0.518130,2.84696026e-03,1.59858271e-02,1.19754575e-02,-1.80520369e-02,-1.00261286e-02,2.45123431e-03
0.519130,2.84266291e-03,1.60467003e-02,1.19312309e-02,-1.79791074e-02,-1.02517782e-02,2.52164111e-03
0.520130,2.83877430e-03,1.61072731e-02,1.18860220e-02,-1.79056667e-02,-1.04758360e-02,2.59726604e-03
0.521130,2.83528266e-03,1.61675497e-02,1.18402138e-02,-1.78314755e-02,-1.06983785e-02,2.67732484e-03
0.522131,2.83206673e-03,1.62275598e-02,1.17942947e-02,-1.77561510e-02,-1.09195428e-02,2.75979299e-03
0.523131,2.82892788e-03,1.62873564e-02,1.17487107e-02,-1.76793154e-02,-1.11395134e-02,2.84184463e-03
0.524131,2.82565998e-03,1.63469950e-02,1.17036905e-02,-1.76007270e-02,-1.13584387e-02,2.92066807e-03
0.525131,2.82211055e-03,1.64065182e-02,1.16591381e-02,-1.75203889e-02,-1.15763907e-02,2.99415516e-03
0.526132,2.81822731e-03,1.64659437e-02,1.16146311e-02,-1.74385857e-02,-1.17933548e-02,3.06145235e-03
0.527132,2.81405932e-03,1.65252584e-02,1.15695391e-02,-1.73557775e-02,-1.20092231e-02,3.12294968e-03
0.528132,2.80973727e-03,1.65844285e-02,1.15232528e-02,-1.72724715e-02,-1.22238687e-02,3.18020480e-03
0.529132,2.80541568e-03,1.66434057e-02,1.14753618e-02,-1.71890107e-02,-1.24371338e-02,3.23526243e-03
0.530133,2.80122259e-03,1.67021511e-02,1.14258858e-02,-1.71054519e-02,-1.26489328e-02,3.29026649e-03
0.531133,2.79722636e-03,1.67606357e-02,1.13752150e-02,-1.70215187e-02,-1.28591812e-02,3.34697212e-03
0.532133,2.79342399e-03,1.68188552e-02,1.13240468e-02,-1.69367041e-02,-1.30678503e-02,3.40655099e-03
0.533133,2.78976915e-03,1.68768171e-02,1.12731090e-02,-1.68504386e-02,-1.32748837e-02,3.46966393e-03
0.534134,2.78620391e-03,1.69345390e-02,1.12229131e-02,-1.67623257e-02,-1.34802178e-02,3.53650620e-03
0.535134,2.78269247e-03,1.69920362e-02,1.11735655e-02,-1.66722878e-02,-1.36837655e-02,3.60691174e-03
0.536134,2.77923154e-03,1.70493167e-02,1.11247333e-02,-1.65806061e-02,-1.38854468e-02,3.68028442e-03
0.537134,2.77583545e-03,1.71063849e-02,1.10757717e-02,-1.64878342e-02,-1.40852560e-02,3.75540997e-03
0.538135,2.77250652e-03,1.71632423e-02,1.10259618e-02,-1.63945725e-02,-1.42832577e-02,3.83034651e-03
0.539135,2.76920422e-03,1.72199013e-02,1.09747997e-02,-1.63012622e-02,-1.44796563e-02,3.90250647e-03
0.540135,2.76583780e-03,1.72763783e-02,1.09221169e-02,-1.62080152e-02,-1.46746831e-02,3.96893587e-03
0.541135,2.76229143e-03,1.73327002e-02,1.08681790e-02,-1.61145895e-02,-1.48685981e-02,4.02727951e-03
0.542136,2.75846640e-03,1.73888844e-02,1.08134790e-02,-1.60204938e-02,-1.50615249e-02,4.07626173e-03
0.543136,2.75434248e-03,1.74449344e-02,1.07585688e-02,-1.59251987e-02,-1.52534309e-02,4.11669087e-03
0.544136,2.75000079e-03,1.75008264e-02,1.07038276e-02,-1.58283100e-02,-1.54440708e-02,4.15131515e-03
0.545136,2.74562043e-03,1.75565150e-02,1.06493666e-02,-1.57297060e-02,-1.56330578e-02,4.18450583e-03
0.546137,2.74142189e-03,1.76119439e-02,1.05950621e-02,-1.56295159e-02,-1.58199575e-02,4.22107547e-03
0.547137,2.73759280e-03,1.76670636e-02,1.05406929e-02,-1.55280073e-02,-1.60044011e-02,4.26503012e-03
0.548137,2.73421093e-03,1.77218546e-02,1.04860982e-02,-1.54254562e-02,-1.61862201e-02,4.31832330e-03
0.549137,2.73122256e-03,1.77763272e-02,1.04312553e-02,-1.53220184e-02,-1.63654149e-02,4.38058212e-03
0.550138,2.72845108e-03,1.78305295e-02,1.03762507e-02,-1.52177584e-02,-1.65422152e-02,4.44908659e-03
0.551138,2.72567600e-03,1.78845167e-02,1.03211379e-02,-1.51126896e-02,-1.67168755e-02,4.52001350e-03
0.552138,2.72271150e-03,1.79383420e-02,1.02658021e-02,-1.50069259e-02,-1.68896964e-02,4.58941734e-03
0.553138,2.71946516e-03,1.79920290e-02,1.02098939e-02,-1.49006970e-02,-1.70608460e-02,4.65425930e-03
0.554139,2.71595785e-03,1.80455739e-02,1.01529335e-02,-1.47943237e-02,-1.72304257e-02,4.71287478e-03
0.555139,2.71227841e-03,1.80989491e-02,1.00945007e-02,-1.46880563e-02,-1.73984491e-02,4.76464324e-03
0.556139,2.70852438e-03,1.81521237e-02,1.00344819e-02,-1.45819080e-02,-1.75649253e-02,4.80954333e-03
0.557139,2.70474577e-03,1.82050782e-02,9.97318666e-03,-1.44755597e-02,-1.77298779e-02,4.84762027e-03
0.558140,2.70093230e-03,1.82578103e-02,9.91128480e-03,-1.43684034e-02,-1.78933254e-02,4.87886860e-03
0.559140,2.69704750e-03,1.83103316e-02,9.84957461e-03,-1.42597525e-02,-1.80552536e-02,4.90372162e-03
0.560140,2.69308493e-03,1.83626476e-02,9.78868491e-03,-1.41490507e-02,-1.82155108e-02,4.92347460e-03
0.561140,2.68911438e-03,1.84147515e-02,9.72882958e-03,-1.40361375e-02,-1.83738492e-02,4.94085489e-03
0.562141,2.68527962e-03,1.84666114e-02,9.66981982e-03,-1.39211831e-02,-1.85298677e-02,4.95968013e-03
0.563141,2.68173956e-03,1.85181925e-02,9.61118936e-03,-1.38046653e-02,-1.86832197e-02,4.98400369e-03
0.564141,2.67859680e-03,1.85694640e-02,9.55249071e-03,-1.36870554e-02,-1.88336022e-02,5.01703018e-03
0.565141,2.67582433e-03,1.86204278e-02,9.49347795e-03,-1.35687006e-02,-1.89809458e-02,5.05985523e-03
0.566142,2.67327050e-03,1.86711146e-02,9.43412261e-03,-1.34497522e-02,-1.91253441e-02,5.11131681e-03
0.567142,2.67071148e-03,1.87215771e-02,9.37444941e-03,-1.33302936e-02,-1.92670471e-02,5.16829782e-03
0.568142,2.66794895e-03,1.87718654e-02,9.31430737e-03,-1.32105075e-02,-1.94063497e-02,5.22686151e-03
0.569142,2.66488459e-03,1.88220047e-02,9.25324555e-03,-1.30907705e-02,-1.95434959e-02,5.28334091e-03
0.570143,2.66154556e-03,1.88719897e-02,9.19064092e-03,-1.29715693e-02,-1.96786857e-02,5.33508664e-03
0.571143,2.65803065e-03,1.89217882e-02,9.12595074e-03,-1.28532804e-02,-1.98120315e-02,5.38036684e-03
0.572143,2.65443846e-03,1.89713690e-02,9.05912098e-03,-1.27358762e-02,-1.99436739e-02,5.41820725e-03
0.573143,2.65080058e-03,1.90207106e-02,8.99064108e-03,-1.26188423e-02,-2.00737100e-02,5.44762621e-03
0.574144,2.64708423e-03,1.90698175e-02,8.92149316e-03,-1.25012748e-02,-2.02022496e-02,5.46802812e-03
0.575144,2.64324583e-03,1.91186994e-02,8.85271039e-03,-1.23822064e-02,-2.03292752e-02,5.47923507e-03
0.576144,2.63930772e-03,1.91673615e-02,8.78499280e-03,-1.22609832e-02,-2.04546471e-02,5.48241889e-03
0.577144,2.63539007e-03,1.92157866e-02,8.71851074e-03,-1.21374155e-02,-2.05780626e-02,5.48013993e-03
0.578145,2.63167719e-03,1.92639414e-02,8.65300832e-03,-1.20117237e-02,-2.06991416e-02,5.47612032e-03
0.579145,2.62832566e-03,1.93117949e-02,8.58813923e-03,-1.18842579e-02,-2.08175304e-02,5.47427516e-03
0.580145,2.62538189e-03,1.93593354e-02,8.52377919e-03,-1.17552134e-02,-2.09329549e-02,5.47777726e-03
0.581145,2.62274776e-03,1.94065865e-02,8.46007288e-03,-1.16245959e-02,-2.10453109e-02,5.48834709e-03
0.582146,2.62024430e-03,1.94535879e-02,8.39721844e-03,-1.14923469e-02,-2.11545234e-02,5.50653556e-03
0.583146,2.61770405e-03,1.95003840e-02,8.33506951e-03,-1.13587088e-02,-2.12606280e-02,5.53189981e-03
0.584146,2.61505143e-03,1.95469920e-02,8.27295551e-03,-1.12243323e-02,-2.13635852e-02,5.56383170e-03
0.585146,2.61230857e-03,1.95934078e-02,8.20980120e-03,-1.10902189e-02,-2.14634741e-02,5.60124989e-03
0.586147,2.60952297e-03,1.96396103e-02,8.14454433e-03,-1.09573354e-02,-2.15604110e-02,5.64253088e-03
0.587147,2.60668623e-03,1.96855892e-02,8.07663703e-03,-1.08261998e-02,-2.16546925e-02,5.68498207e-03
0.588147,2.60370233e-03,1.97313505e-02,8.00619610e-03,-1.06967209e-02,-2.17466874e-02,5.72508146e-03
0.589147,2.60044074e-03,1.97769109e-02,7.93383227e-03,-1.05683345e-02,-2.18367639e-02,5.75918748e-03
0.590148,2.59683811e-03,1.98222779e-02,7.86020992e-03,-1.04403822e-02,-2.19251700e-02,5.78460552e-03
0.591148,2.59296411e-03,1.98674299e-02,7.78569203e-03,-1.03124270e-02,-2.20119626e-02,5.80009043e-03
0.592148,2.58900806e-03,1.99123248e-02,7.71035813e-03,-1.01842920e-02,-2.20970905e-02,5.80594742e-03
0.593148,2.58517607e-03,1.99569122e-02,7.63428738e-03,-1.00558125e-02,-2.21804287e-02,5.80294883e-03
0.594149,2.58157990e-03,2.00011720e-02,7.55794158e-03,-9.92655657e-03,-2.22619314e-02,5.79205187e-03
0.595149,2.57820907e-03,2.00451087e-02,7.48221389e-03,-9.79571695e-03,-2.23415223e-02,5.77389158e-03
0.596149,2.57498313e-03,2.00887539e-02,7.40810365e-03,-9.66242238e-03,-2.24191026e-02,5.74977643e-03
0.597149,2.57186568e-03,2.01321274e-02,7.33626510e-03,-9.52607639e-03,-2.24943864e-02,5.72208608e-03
0.598150,2.56891570e-03,2.01752314e-02,7.26666541e-03,-9.38670619e-03,-2.25669818e-02,5.69446962e-03
0.599150,2.56624569e-03,2.02180513e-02,7.19874613e-03,-9.24483004e-03,-2.26364629e-02,5.67082025e-03
0.600150,2.56390955e-03,2.02605833e-02,7.13182100e-03,-9.10113882e-03,-2.27025401e-02,5.65395882e-03
0.601150,2.56181900e-03,2.03028543e-02,7.06544995e-03,-8.95615795e-03,-2.27651499e-02,5.64475354e-03
0.602151,2.55976954e-03,2.03449135e-02,6.99946349e-03,-8.81017415e-03,-2.28243496e-02,5.64256462e-03
0.603151,2.55755753e-03,2.03868109e-02,6.93364069e-03,-8.66349321e-03,-2.28802781e-02,5.64622594e-03
0.604151,2.55509260e-03,2.04285608e-02,6.86738783e-03,-8.51668485e-03,-2.29329311e-02,5.65527801e-03
0.605151,2.55242459e-03,2.04701442e-02,6.79976361e-03,-8.37060853e-03,-2.29823490e-02,5.66962254e-03
0.606152,2.54963849e-03,2.05115225e-02,6.72981225e-03,-8.22613041e-03,-2.30285645e-02,5.68873629e-03
0.607152,2.54674553e-03,2.05526773e-02,6.65709646e-03,-8.08369218e-03,-2.30718632e-02,5.71037081e-03
0.608152,2.54364852e-03,2.05936129e-02,6.58174074e-03,-7.94323186e-03,-2.31126292e-02,5.73076183e-03
0.609152,2.54023729e-03,2.06343432e-02,6.50422342e-03,-7.80433644e-03,-2.31512831e-02,5.74589352e-03
0.610153,2.53651384e-03,2.06748568e-02,6.42490557e-03,-7.66662691e-03,-2.31880731e-02,5.75313056e-03
0.611153,2.53263651e-03,2.07151059e-02,6.34389799e-03,-7.52989685e-03,-2.32230502e-02,5.75182607e-03
0.612153,2.52882767e-03,2.07550298e-02,6.26132759e-03,-7.39393193e-03,-2.32561775e-02,5.74253469e-03
0.613153,2.52523031e-03,2.07945856e-02,6.17770432e-03,-7.25821383e-03,-2.32874346e-02,5.72542217e-03
0.614154,2.52183765e-03,2.08337793e-02,6.09403171e-03,-7.12183982e-03,-2.33169109e-02,5.69988268e-03
0.615154,2.51857499e-03,2.08726349e-02,6.01143359e-03,-6.98378562e-03,-2.33446283e-02,5.66500155e-03
0.616154,2.51542861e-03,2.09111770e-02,5.93060499e-03,-6.84339689e-03,-2.33704961e-02,5.62148204e-03
0.617154,2.51251069e-03,2.09493938e-02,5.85169941e-03,-6.70045812e-03,-2.33941767e-02,5.57182104e-03
0.618155,2.50996340e-03,2.09872692e-02,5.77456276e-03,-6.55506962e-03,-2.34152996e-02,5.51974815e-03
0.619155,2.50782185e-03,2.10248061e-02,5.69926486e-03,-6.40718233e-03,-2.34335369e-02,5.46831561e-03
0.620155,2.50594972e-03,2.10620520e-02,5.62614392e-03,-6.25657623e-03,-2.34487366e-02,5.41904432e-03
0.621155,2.50414354e-03,2.10990728e-02,5.55543023e-03,-6.10313545e-03,-2.34607998e-02,5.37249996e-03
0.622156,2.50228369e-03,2.11359150e-02,5.48675109e-03,-5.94725224e-03,-2.34695693e-02,5.32963925e-03
0.623156,2.50038740e-03,2.11725870e-02,5.41909716e-03,-5.78986523e-03,-2.34748426e-02,5.29231489e-03
0.624156,2.49850564e-03,2.12090763e-02,5.35136209e-03,-5.63200690e-03,-2.34764138e-02,5.26251686e-03
0.625156,2.49658356e-03,2.12453897e-02,5.28290359e-03,-5.47434889e-03,-2.34743189e-02,5.24072925e-03
0.626157,2.49444045e-03,2.12815561e-02,5.21354668e-03,-5.31716024e-03,-2.34686784e-02,5.22581334e-03
0.627157,2.49191362e-03,2.13176069e-02,5.14310842e-03,-5.16070174e-03,-2.34597654e-02,5.21561399e-03
0.628157,2.48898577e-03,2.13535329e-02,5.07089333e-03,-5.00563022e-03,-2.34477026e-02,5.20860069e-03
0.629157,2.48579178e-03,2.13892874e-02,4.99594429e-03,-4.85280680e-03,-2.34326347e-02,5.20388826e-03
0.630158,2.48245550e-03,2.14248156e-02,4.91764519e-03,-4.70279429e-03,-2.34147250e-02,5.20041160e-03
0.631158,2.47897765e-03,2.14600906e-02,4.83621830e-03,-4.55543145e-03,-2.33942882e-02,5.19601270e-03
0.632158,2.47528441e-03,2.14951069e-02,4.75238345e-03,-4.41010203e-03,-2.33716639e-02,5.18787984e-03
0.633158,2.47138767e-03,2.15298450e-02,4.66666335e-03,-4.26631653e-03,-2.33470788e-02,5.17379899e-03
0.634159,2.46745966e-03,2.15642557e-02,4.57910096e-03,-4.12397076e-03,-2.33206253e-02,5.15294513e-03
0.635159,2.46372205e-03,2.15982743e-02,4.48966736e-03,-3.98302198e-03,-2.32923206e-02,5.12507815e-03
0.636159,2.46027009e-03,2.16318734e-02,4.39896590e-03,-3.84290322e-03,-2.32622807e-02,5.08971257e-03
0.637159,2.45705574e-03,2.16650560e-02,4.30820111e-03,-3.70252015e-03,-2.32306035e-02,5.04572043e-03
0.638160,2.45402213e-03,2.16978464e-02,4.21851502e-03,-3.56081777e-03,-2.31973168e-02,4.99292029e-03
0.639160,2.45124994e-03,2.17302355e-02,4.13038879e-03,-3.41728647e-03,-2.31622139e-02,4.93245113e-03
0.640160,2.44888990e-03,2.17622079e-02,4.04377480e-03,-3.27190471e-03,-2.31250406e-02,4.86649365e-03
0.641160,2.44699117e-03,2.17937681e-02,3.95884460e-03,-3.12450144e-03,-2.30855980e-02,4.79658270e-03
0.642161,2.44541856e-03,2.18249677e-02,3.87625816e-03,-2.97451654e-03,-2.30438071e-02,4.72334288e-03
0.643161,2.44399209e-03,2.18558711e-02,3.79666374e-03,-2.82138956e-03,-2.29995396e-02,4.64759484e-03
0.644161,2.44265865e-03,2.18865140e-02,3.72002535e-03,-2.66513444e-03,-2.29524987e-02,4.57149850e-03
0.645161,2.44147629e-03,2.19169056e-02,3.64561741e-03,-2.50638965e-03,-2.29023566e-02,4.49792043e-03
0.646162,2.44043485e-03,2.19470634e-02,3.57278853e-03,-2.34577699e-03,-2.28488775e-02,4.42871531e-03
0.647162,2.43935340e-03,2.19770453e-02,3.50134425e-03,-2.18357040e-03,-2.27920956e-02,4.36390400e-03
0.648162,2.43800975e-03,2.20069111e-02,3.43123127e-03,-2.01989684e-03,-2.27319912e-02,4.30323643e-03
0.649162,2.43634205e-03,2.20366830e-02,3.36181674e-03,-1.85535891e-03,-2.26685133e-02,4.24753500e-03
0.650163,2.43442908e-03,2.20663387e-02,3.29197931e-03,-1.69097672e-03,-2.26014745e-02,4.19848035e-03
0.651163,2.43230585e-03,2.20958621e-02,3.22080853e-03,-1.52763469e-03,-2.25309180e-02,4.15636617e-03
0.652163,2.42984996e-03,2.21252686e-02,3.14801462e-03,-1.36570427e-03,-2.24570676e-02,4.11949051e-03
0.653163,2.42692924e-03,2.21545748e-02,3.07351130e-03,-1.20534991e-03,-2.23802065e-02,4.08566154e-03
0.654164,2.42359188e-03,2.21837510e-02,2.99679833e-03,-1.04703789e-03,-2.23004622e-02,4.05416558e-03
0.655164,2.42002629e-03,2.22127269e-02,2.91710420e-03,-8.91454518e-04,-2.22178681e-02,4.02529622e-03
0.656164,2.41634477e-03,2.22414498e-02,2.83416733e-03,-7.38872588e-04,-2.21326281e-02,3.99816241e-03
0.657164,2.41249861e-03,2.22699029e-02,2.74836804e-03,-5.89026603e-04,-2.20450779e-02,3.97004912e-03
0.658165,2.40846236e-03,2.22980755e-02,2.66020824e-03,-4.41497294e-04,-2.19555628e-02,3.93837516e-03
0.659165,2.40439232e-03,2.23259064e-02,2.56965841e-03,-2.96274514e-04,-2.18641682e-02,3.90240701e-03
0.660165,2.40052206e-03,2.23533240e-02,2.47669393e-03,-1.53328524e-04,-2.17709423e-02,3.86256583e-03
0.661165,2.39693751e-03,2.23802856e-02,2.38187807e-03,-1.21573614e-05,-2.16760093e-02,3.81803390e-03
0.662166,2.39357009e-03,2.24068008e-02,2.28630075e-03,1.28193280e-04,-2.15796144e-02,3.76681408e-03
0.663166,2.39042626e-03,2.24328666e-02,2.19069037e-03,2.68403835e-04,-2.14818510e-02,3.70773371e-03
0.664166,2.38767300e-03,2.24584472e-02,2.09519709e-03,4.08689526e-04,-2.13826128e-02,3.64166685e-03
0.665166,2.38544286e-03,2.24835152e-02,2.00012056e-03,5.49376054e-04,-2.12817739e-02,3.56990151e-03
0.666167,2.38366696e-03,2.25080927e-02,1.90641458e-03,6.91318728e-04,-2.11793228e-02,3.49236769e-03
0.667167,2.38219738e-03,2.25322359e-02,1.81502721e-03,8.35368151e-04,-2.10752701e-02,3.40859183e-03
0.668167,2.38103880e-03,2.25559647e-02,1.72617013e-03,9.81768238e-04,-2.09694193e-02,3.31944513e-03
0.669167,2.38027915e-03,2.25792863e-02,1.63955281e-03,1.13032057e-03,-2.08615160e-02,3.22713895e-03
0.670168,2.37986753e-03,2.26022292e-02,1.55542351e-03,1.28125648e-03,-2.07513574e-02,3.13304140e-03
0.671168,2.37958233e-03,2.26248733e-02,1.47438172e-03,1.43508148e-03,-2.06389019e-02,3.03739519e-03
0.672168,2.37928787e-03,2.26472770e-02,1.39652376e-03,1.59188565e-03,-2.05239693e-02,2.94093680e-03
0.673168,2.37901781e-03,2.26694614e-02,1.32108435e-03,1.75101452e-03,-2.04063025e-02,2.84566372e-03
0.674169,2.37875975e-03,2.26914485e-02,1.24746284e-03,1.91192182e-03,-2.02857034e-02,2.75321109e-03
0.675169,2.37831760e-03,2.27132996e-02,1.17572087e-03,2.07460088e-03,-2.01621525e-02,2.66376688e-03
0.676169,2.37751002e-03,2.27350727e-02,1.10579031e-03,2.23894466e-03,-2.00356236e-02,2.57742572e-03
0.677169,2.37635468e-03,2.27567754e-02,1.03677057e-03,2.40414281e-03,-1.99059464e-02,2.49546898e-03
0.678170,2.37491957e-03,2.27783977e-02,9.67596979e-04,2.56921546e-03,-1.97730525e-02,2.41897908e-03
0.679170,2.37309573e-03,2.27999598e-02,8.97950572e-04,2.73379263e-03,-1.96370136e-02,2.34752095e-03
0.680170,2.37074223e-03,2.28214902e-02,8.27803858e-04,2.89777399e-03,-1.94980158e-02,2.28010317e-03
0.681170,2.36790624e-03,2.28429662e-02,7.56443989e-04,3.06049656e-03,-1.93560235e-02,2.21713584e-03
0.682171,2.36474982e-03,2.28643361e-02,6.82883271e-04,3.22105126e-03,-1.92110843e-02,2.15912180e-03
0.683171,2.36127049e-03,2.28855777e-02,6.06817077e-04,3.37907831e-03,-1.90633950e-02,2.10492988e-03
0.684171,2.35738575e-03,2.29066883e-02,5.28485527e-04,3.53471045e-03,-1.89132605e-02,2.05266787e-03
0.685171,2.35319278e-03,2.29276196e-02,4.47613864e-04,3.68768254e-03,-1.87607880e-02,2.00200908e-03
0.686172,2.34891509e-03,2.29482918e-02,3.63591578e-04,3.83744088e-03,-1.86060365e-02,1.95329595e-03
0.687172,2.34461758e-03,2.29686621e-02,2.76489526e-04,3.98398493e-03,-1.84492651e-02,1.90515022e-03
0.688172,2.34024899e-03,2.29887142e-02,1.86903579e-04,4.12777616e-03,-1.82907913e-02,1.85529472e-03
0.689172,2.33592477e-03,2.30084001e-02,9.50122466e-05,4.26898332e-03,-1.81307535e-02,1.80324786e-03
0.690173,2.33188106e-03,2.30276352e-02,6.13083330e-07,4.40744222e-03,-1.79691516e-02,1.74956174e-03
0.691173,2.32817019e-03,2.30463911e-02,-9.57894349e-05,4.54357433e-03,-1.78061991e-02,1.69317191e-03
0.692173,2.32472665e-03,2.30646634e-02,-1.93304737e-04,4.67812784e-03,-1.76421387e-02,1.63200323e-03
0.693173,2.32164360e-03,2.30824251e-02,-2.91570120e-04,4.81146717e-03,-1.74770166e-02,1.56601689e-03
0.694174,2.31910966e-03,2.30996193e-02,-3.90520682e-04,4.94369449e-03,-1.73107452e-02,1.49625029e-03
0.695174,2.31710209e-03,2.31162494e-02,-4.89419169e-04,5.07545701e-03,-1.71434209e-02,1.42211487e-03
0.696174,2.31550141e-03,2.31323476e-02,-5.87325554e-04,5.20758010e-03,-1.69751680e-02,1.34224899e-03
0.697174,2.31436949e-03,2.31479094e-02,-6.84028742e-04,5.34030958e-03,-1.68058831e-02,1.25732108e-03
0.698175,2.31380277e-03,2.31629231e-02,-7.79466632e-04,5.47375778e-03,-1.66354008e-02,1.16884295e-03
0.699175,2.31367729e-03,2.31774290e-02,-8.72866994e-04,5.60860287e-03,-1.64637187e-02,1.07652404e-03
0.700175,2.31383155e-03,2.31914918e-02,-9.63611405e-04,5.74540700e-03,-1.62908406e-02,9.79873339e-04
0.701175,2.31431083e-03,2.32051210e-02,-1.05187031e-03,5.88407829e-03,-1.61165338e-02,8.80275013e-04
0.702176,2.31511042e-03,2.32183441e-02,-1.13774035e-03,6.02457118e-03,-1.59406291e-02,7.79242511e-04
0.703176,2.31602046e-03,2.32312306e-02,-1.22059731e-03,6.16742003e-03,-1.57630841e-02,6.76534997e-04
0.704176,2.31690754e-03,2.32438450e-02,-1.30039149e-03,6.31268891e-03,-1.55838106e-02,5.72443176e-04
0.705176,2.31781735e-03,2.32562018e-02,-1.37775592e-03,6.45986035e-03,-1.54025513e-02,4.68738373e-04
0.706177,2.31865790e-03,2.32683454e-02,-1.45282495e-03,6.60881045e-03,-1.52192067e-02,3.66253938e-04
0.707177,2.31920699e-03,2.32803502e-02,-1.52531074e-03,6.75976424e-03,-1.50337701e-02,2.64692544e-04
0.708177,2.31943368e-03,2.32922465e-02,-1.59576600e-03,6.91224646e-03,-1.48460900e-02,1.65009184e-04
0.709177,2.31938673e-03,2.33040406e-02,-1.66503724e-03,7.06551339e-03,-1.46560218e-02,6.85778446e-05
0.710178,2.31891118e-03,2.33157784e-02,-1.73313972e-03,7.21949828e-03,-1.44635889e-02,-2.47985159e-05
0.711178,2.31788989e-03,2.33274990e-02,-1.80021610e-03,7.37404638e-03,-1.42688294e-02,-1.15267416e-04
0.712178,2.31641432e-03,2.33391856e-02,-1.86723316e-03,7.52829768e-03,-1.40715925e-02,-2.01539156e-04
0.713178,2.31449796e-03,2.33508359e-02,-1.93474913e-03,7.68171440e-03,-1.38719479e-02,-2.83493630e-04
0.714179,2.31200006e-03,2.33624759e-02,-2.00268148e-03,7.83429311e-03,-1.36700271e-02,-3.62052668e-04
0.715179,2.30898961e-03,2.33740835e-02,-2.07159972e-03,7.98551459e-03,-1.34658523e-02,-4.36766525e-04
0.716179,2.30560983e-03,2.33856109e-02,-2.14234684e-03,8.13459689e-03,-1.32594170e-02,-5.06946836e-04
0.717179,2.30180458e-03,2.33970545e-02,-2.21489043e-03,8.28148374e-03,-1.30509602e-02,-5.73862182e-04
0.718180,2.29757612e-03,2.34083941e-02,-2.28928390e-03,8.42607784e-03,-1.28406329e-02,-6.38144777e-04
0.719180,2.29313097e-03,2.34195578e-02,-2.36623992e-03,8.56773137e-03,-1.26284398e-02,-6.98945761e-04
0.720180,2.28852704e-03,2.34305073e-02,-2.44584865e-03,8.70629477e-03,-1.24145932e-02,-7.57103246e-04
0.721180,2.28372499e-03,2.34412240e-02,-2.52778495e-03,8.84197574e-03,-1.21993517e-02,-8.14188800e-04
0.722181,2.27891194e-03,2.34516399e-02,-2.61235984e-03,8.97449902e-03,-1.19827810e-02,-8.69744387e-04
0.723181,2.27424041e-03,2.34616853e-02,-2.69976184e-03,9.10364471e-03,-1.17649856e-02,-9.23796369e-04
0.724181,2.26966110e-03,2.34713504e-02,-2.78937094e-03,9.22989668e-03,-1.15462817e-02,-9.78238175e-04
0.725181,2.26529265e-03,2.34805782e-02,-2.88114828e-03,9.35326597e-03,-1.13267661e-02,-1.03329639e-03
0.726182,2.26132630e-03,2.34893016e-02,-2.97519348e-03,9.47366806e-03,-1.11064833e-02,-1.08838274e-03
0.727182,2.25772454e-03,2.34975043e-02,-3.07082510e-03,9.59163890e-03,-1.08856754e-02,-1.14502552e-03
0.728182,2.25451685e-03,2.35051646e-02,-3.16763325e-03,9.70752964e-03,-1.06644828e-02,-1.20403127e-03
0.729182,2.25188680e-03,2.35122228e-02,-3.26569618e-03,9.82129335e-03,-1.04428774e-02,-1.26453984e-03
0.730183,2.24980216e-03,2.35186713e-02,-3.36431609e-03,9.93351152e-03,-1.02210095e-02,-1.32743210e-03
0.731183,2.24820980e-03,2.35245202e-02,-3.46286132e-03,1.00447379e-02,-9.99900592e-03,-1.39371766e-03
0.732183,2.24725627e-03,2.35297275e-02,-3.56139923e-03,1.01549450e-02,-9.77678675e-03,-1.46251085e-03
0.733183,2.24689539e-03,2.35343075e-02,-3.65933132e-03,1.02646684e-02,-9.55440888e-03,-1.53405487e-03
0.734184,2.24701908e-03,2.35382850e-02,-3.75590960e-03,1.03745529e-02,-9.33195175e-03,-1.60931777e-03
0.735184,2.24770964e-03,2.35416580e-02,-3.85126225e-03,1.04845527e-02,-9.10929398e-03,-1.68731563e-03
0.736184,2.24891779e-03,2.35444424e-02,-3.94493411e-03,1.05950721e-02,-8.88641432e-03,-1.76797320e-03
0.737184,2.25047662e-03,2.35466984e-02,-4.03623092e-03,1.07067414e-02,-8.66334424e-03,-1.85193853e-03
0.738185,2.25243601e-03,2.35484331e-02,-4.12534301e-03,1.08194466e-02,-8.43991789e-03,-1.93818976e-03
0.739185,2.25471973e-03,2.35496855e-02,-4.21203424e-03,1.09334201e-02,-8.21607302e-03,-2.02643517e-03
0.740185,2.25713902e-03,2.35505243e-02,-4.29571871e-03,1.10491940e-02,-7.99180069e-03,-2.11711831e-03
0.741185,2.25972051e-03,2.35509700e-02,-4.37672943e-03,1.11665328e-02,-7.76690246e-03,-2.20903175e-03
0.742186,2.26237126e-03,2.35510725e-02,-4.45502185e-03,1.12854996e-02,-7.54130809e-03,-2.30188003e-03
0.743186,2.26489864e-03,2.35509017e-02,-4.53016593e-03,1.14064805e-02,-7.31498287e-03,-2.39596446e-03
0.744186,2.26733289e-03,2.35504830e-02,-4.60270444e-03,1.15290632e-02,-7.08772660e-03,-2.48988902e-03
0.745186,2.26956637e-03,2.35498644e-02,-4.67265858e-03,1.16532250e-02,-6.85947125e-03,-2.58350973e-03
0.746187,2.27143342e-03,2.35491146e-02,-4.73988103e-03,1.17791145e-02,-6.63020277e-03,-2.67701819e-03
0.747187,2.27298132e-03,2.35482450e-02,-4.80500796e-03,1.19062102e-02,-6.39970785e-03,-2.76890506e-03
0.748187,2.27409995e-03,2.35473050e-02,-4.86815576e-03,1.20344018e-02,-6.16799073e-03,-2.85932162e-03
0.749187,2.27466901e-03,2.35463424e-02,-4.92936315e-03,1.21636537e-02,-5.93502557e-03,-2.94832021e-03
0.750188,2.27476981e-03,2.35453552e-02,-4.98938922e-03,1.22933278e-02,-5.70064968e-03,-3.03443192e-03
0.751188,2.27428709e-03,2.35443838e-02,-5.04829275e-03,1.24233376e-02,-5.46492757e-03,-3.11817868e-03
0.752188,2.27317749e-03,2.35434495e-02,-5.10635519e-03,1.25534283e-02,-5.22784084e-03,-3.19939198e-03
0.753188,2.27154536e-03,2.35425338e-02,-5.16430707e-03,1.26829664e-02,-4.98929995e-03,-3.27686701e-03
0.754189,2.26927529e-03,2.35416656e-02,-5.22211955e-03,1.28119155e-02,-4.74942400e-03,-3.35146106e-03
0.755189,2.26642896e-03,2.35408320e-02,-5.28029576e-03,1.29398329e-02,-4.50821721e-03,-3.42273693e-03
0.756189,2.26309068e-03,2.35400048e-02,-5.33938168e-03,1.30662035e-02,-4.26565606e-03,-3.48993657e-03
0.757189,2.25918801e-03,2.35391949e-02,-5.39928514e-03,1.31910533e-02,-4.02193612e-03,-3.55417202e-03
0.758190,2.25486025e-03,2.35383568e-02,-5.46067270e-03,1.33137742e-02,-3.77703395e-03,-3.61461555e-03
0.759190,2.25015912e-03,2.35374619e-02,-5.52372401e-03,1.34341598e-02,-3.53106570e-03,-3.67135282e-03
0.760190,2.24507229e-03,2.35364955e-02,-5.58843403e-03,1.35521492e-02,-3.28420193e-03,-3.72521196e-03
0.761190,2.23979062e-03,2.35353914e-02,-5.65542485e-03,1.36671726e-02,-3.03645845e-03,-3.77535677e-03
0.762191,2.23430665e-03,2.35341266e-02,-5.72449684e-03,1.37793311e-02,-2.78804122e-03,-3.82261086e-03
0.763191,2.22871151e-03,2.35326549e-02,-5.79584935e-03,1.38883987e-02,-2.53907017e-03,-3.86718623e-03
0.764191,2.22316140e-03,2.35309133e-02,-5.86978030e-03,1.39940784e-02,-2.28963323e-03,-3.90873055e-03
0.765191,2.21763051e-03,2.35288759e-02,-5.94591081e-03,1.40966134e-02,-2.03996289e-03,-3.94833545e-03
0.766192,2.21229636e-03,2.35264776e-02,-6.02457626e-03,1.41956946e-02,-1.79012411e-03,-3.98561314e-03
0.767192,2.20721240e-03,2.35236705e-02,-6.10560714e-03,1.42913876e-02,-1.54029781e-03,-4.02105320e-03
0.768192,2.20240925e-03,2.35204239e-02,-6.18870697e-03,1.43839173e-02,-1.29065165e-03,-4.05528802e-03
0.769192,2.19806118e-03,2.35166653e-02,-6.27413887e-03,1.44730080e-02,-1.04125199e-03,-4.08789175e-03
0.770193,2.19412494e-03,2.35123797e-02,-6.36129350e-03,1.45591357e-02,-7.92324198e-04,-4.11999411e-03
0.771193,2.19073250e-03,2.35075101e-02,-6.45023764e-03,1.46422171e-02,-5.43923356e-04,-4.15128007e-03
0.772193,2.18792701e-03,2.35020226e-02,-6.54071449e-03,1.47224306e-02,-2.96192240e-04,-4.18218729e-03
0.773193,2.18569097e-03,2.34959015e-02,-6.63222983e-03,1.48001770e-02,-4.92734402e-05,-4.21336434e-03
0.774194,2.18415887e-03,2.34890941e-02,-6.72487970e-03,1.48753535e-02,1.96812279e-04,-4.24429177e-03
0.775194,2.18324218e-03,2.34816095e-02,-6.81798181e-03,1.49485245e-02,4.41886670e-04,-4.27610699e-03
0.776194,2.18303302e-03,2.34734077e-02,-6.91148567e-03,1.50197215e-02,6.85944029e-04,-4.30832609e-03
0.777194,2.18350313e-03,2.34644925e-02,-7.00501514e-03,1.50892700e-02,9.28902526e-04,-4.34139006e-03
0.778195,2.18461204e-03,2.34548605e-02,-7.09810729e-03,1.51575467e-02,1.17067432e-03,-4.37575697e-03
0.779195,2.18641499e-03,2.34445022e-02,-7.19074636e-03,1.52245980e-02,1.41131070e-03,-4.41082432e-03
0.780195,2.18878386e-03,2.34334437e-02,-7.28226413e-03,1.52909755e-02,1.65067997e-03,-4.44764916e-03
0.781195,2.19176926e-03,2.34216806e-02,-7.37270010e-03,1.53566885e-02,1.88887461e-03,-4.48542763e-03
0.782196,2.19526277e-03,2.34092435e-02,-7.46155083e-03,1.54221672e-02,2.12582854e-03,-4.52477151e-03
0.783196,2.19922345e-03,2.33961538e-02,-7.54862965e-03,1.54876034e-02,2.36157760e-03,-4.56557050e-03
0.784196,2.20361847e-03,2.33824329e-02,-7.63379744e-03,1.55531482e-02,2.59617694e-03,-4.60748264e-03
0.785196,2.20831046e-03,2.33681276e-02,-7.71660341e-03,1.56192010e-02,2.82959281e-03,-4.65112633e-03
0.786197,2.21331548e-03,2.33532569e-02,-7.79720950e-03,1.56856830e-02,3.06196556e-03,-4.69558281e-03
0.787197,2.21846124e-03,2.33378767e-02,-7.87508214e-03,1.57530535e-02,3.29324767e-03,-4.74158687e-03
0.788197,2.22374969e-03,2.33220166e-02,-7.95046191e-03,1.58211770e-02,3.52359007e-03,-4.78832006e-03
0.789197,2.22904148e-03,2.33057273e-02,-8.02298760e-03,1.58903715e-02,3.75299314e-03,-4.83607126e-03
0.790198,2.23428067e-03,2.32890542e-02,-8.09276338e-03,1.59606090e-02,3.98156327e-03,-4.88450664e-03
0.791198,2.23939428e-03,2.32720370e-02,-8.15975564e-03,1.60319432e-02,4.20937056e-03,-4.93332664e-03
0.792198,2.24426507e-03,2.32547338e-02,-8.22386302e-03,1.61045045e-02,4.43646554e-03,-4.98266138e-03
0.793198,2.24888111e-03,2.32371743e-02,-8.28536214e-03,1.61780949e-02,4.66297141e-03,-5.03179252e-03
0.794199,2.25309086e-03,2.32194215e-02,-8.34402577e-03,1.62529358e-02,4.88889860e-03,-5.08110572e-03
0.795199,2.25691772e-03,2.32014987e-02,-8.40031215e-03,1.63286825e-02,5.11439298e-03,-5.12971071e-03
0.796199,2.26021134e-03,2.31834655e-02,-8.45400279e-03,1.64055339e-02,5.33944544e-03,-5.17803915e-03
0.797199,2.26300435e-03,2.31653424e-02,-8.50559316e-03,1.64831165e-02,5.56419543e-03,-5.22523567e-03
0.798200,2.26517545e-03,2.31471785e-02,-8.55498147e-03,1.65615161e-02,5.78863134e-03,-5.27162185e-03
0.799200,2.26674899e-03,2.31289935e-02,-8.60259872e-03,1.66404111e-02,6.01286327e-03,-5.31652294e-03
0.800200,2.26765160e-03,2.31108219e-02,-8.64851661e-03,1.67197332e-02,6.23688921e-03,-5.36005565e-03
0.801200,2.26788960e-03,2.30926822e-02,-8.69305279e-03,1.67992434e-02,6.46077492e-03,-5.40180519e-03
0.802201,2.26744388e-03,2.30745929e-02,-8.73644428e-03,1.68787325e-02,6.68453123e-03,-5.44165197e-03
0.803201,2.26630396e-03,2.30565700e-02,-8.77890304e-03,1.69580324e-02,6.90817559e-03,-5.47945665e-03
0.804201,2.26450057e-03,2.30386156e-02,-8.82078418e-03,1.70368344e-02,7.13172776e-03,-5.51488481e-03
0.805201,2.26201361e-03,2.30207419e-02,-8.86222232e-03,1.71150164e-02,7.35515980e-03,-5.54804043e-03
0.806202,2.25891482e-03,2.30029358e-02,-8.90363760e-03,1.71922152e-02,7.57849344e-03,-5.57843329e-03
0.807202,2.25518205e-03,2.29852035e-02,-8.94511236e-03,1.72683335e-02,7.80166152e-03,-5.60634970e-03
0.808202,2.25091832e-03,2.29675192e-02,-8.98708713e-03,1.73429912e-02,8.02468072e-03,-5.63121841e-03
0.809202,2.24610538e-03,2.29498815e-02,-9.02960809e-03,1.74161034e-02,8.24745135e-03,-5.65344132e-03
0.810203,2.24086719e-03,2.29322539e-02,-9.07310438e-03,1.74872970e-02,8.46997921e-03,-5.67243026e-03
0.811203,2.23519673e-03,2.29146268e-02,-9.11758853e-03,1.75565067e-02,8.69214057e-03,-5.68866350e-03
0.812203,2.22922740e-03,2.28969556e-02,-9.16346171e-03,1.76233722e-02,8.91392453e-03,-5.70157038e-03
0.813203,2.22296554e-03,2.28792225e-02,-9.21069765e-03,1.76878594e-02,9.13519162e-03,-5.71167649e-03
0.814204,2.21654810e-03,2.28613767e-02,-9.25965932e-03,1.77496268e-02,9.35591082e-03,-5.71845834e-03
0.815204,2.20999290e-03,2.28433936e-02,-9.31027813e-03,1.78086781e-02,9.57593446e-03,-5.72246243e-03
0.816204,2.20343606e-03,2.28252176e-02,-9.36286807e-03,1.78647000e-02,9.79520950e-03,-5.72323626e-03
0.817204,2.19690428e-03,2.28068192e-02,-9.41732033e-03,1.79177357e-02,1.00135882e-02,-5.72132033e-03
0.818205,2.19052803e-03,2.27881395e-02,-9.47388671e-03,1.79675108e-02,1.02309935e-02,-5.71635613e-03
0.819205,2.18434102e-03,2.27691465e-02,-9.53242807e-03,1.80141034e-02,1.04472870e-02,-5.70884346e-03
0.820205,2.17846219e-03,2.27497794e-02,-9.59311690e-03,1.80572928e-02,1.06623651e-02,-5.69854715e-03
0.821205,2.17293305e-03,2.27300044e-02,-9.65580778e-03,1.80971702e-02,1.08761056e-02,-5.68587319e-03
0.822206,2.16785040e-03,2.27097649e-02,-9.72055618e-03,1.81336144e-02,1.10883864e-02,-5.67076765e-03
0.823206,2.16326873e-03,2.26890223e-02,-9.78725145e-03,1.81666839e-02,1.12990994e-02,-5.65347097e-03
0.824206,2.15925236e-03,2.26677292e-02,-9.85580852e-03,1.81963849e-02,1.15081108e-02,-5.63414792e-03
0.825206,2.15587188e-03,2.26458420e-02,-9.92617104e-03,1.82227254e-02,1.17153286e-02,-5.61283875e-03
0.826207,2.15315269e-03,2.26233258e-02,-9.99811065e-03,1.82458451e-02,1.19206131e-02,-5.58993198e-03
0.827207,2.15118026e-03,2.26001325e-02,-1.00716270e-02,1.82656998e-02,1.21238883e-02,-5.56527165e-03
0.828207,2.14994157e-03,2.25762416e-02,-1.01463714e-02,1.82825471e-02,1.23250186e-02,-5.53942608e-03
0.829207,2.14952838e-03,2.25516026e-02,-1.02223731e-02,1.82963114e-02,1.25239362e-02,-5.51211072e-03
0.830208,2.14989945e-03,2.25262088e-02,-1.02992203e-02,1.83073237e-02,1.27205269e-02,-5.48395908e-03
0.831208,2.15113525e-03,2.25000117e-02,-1.03769128e-02,1.83155259e-02,1.29147160e-02,-5.45470059e-03
0.832208,2.15318840e-03,2.24730125e-02,-1.04550642e-02,1.83212447e-02,1.31064255e-02,-5.42485288e-03
0.833208,2.15609751e-03,2.24451780e-02,-1.05335631e-02,1.83245262e-02,1.32955774e-02,-5.39435043e-03
0.834209,2.15983737e-03,2.24165055e-02,-1.06121377e-02,1.83256006e-02,1.34821270e-02,-5.36341365e-03
0.835209,2.16438723e-03,2.23869845e-02,-1.06905218e-02,1.83246621e-02,1.36659913e-02,-5.33229839e-03
0.836209,2.16975013e-03,2.23566068e-02,-1.07685807e-02,1.83218250e-02,1.38471616e-02,-5.30088554e-03
0.837209,2.17585321e-03,2.23253834e-02,-1.08459315e-02,1.83174019e-02,1.40255602e-02,-5.26968461e-03
0.838210,2.18270869e-03,2.22933052e-02,-1.09225071e-02,1.83114468e-02,1.42011939e-02,-5.23840613e-03
0.839210,2.19022487e-03,2.22603975e-02,-1.09979356e-02,1.83042873e-02,1.43740219e-02,-5.20753724e-03
0.840210,2.19838554e-03,2.22266592e-02,-1.10720824e-02,1.82960266e-02,1.45440307e-02,-5.17693991e-03
0.841210,2.20712002e-03,2.21921199e-02,-1.11447308e-02,1.82868878e-02,1.47112479e-02,-5.14676079e-03
0.842211,2.21635785e-03,2.21567934e-02,-1.12155920e-02,1.82770976e-02,1.48756214e-02,-5.11722770e-03
0.843211,2.22606024e-03,2.21207084e-02,-1.12846256e-02,1.82667464e-02,1.50372380e-02,-5.08809814e-03
0.844211,2.23611946e-03,2.20838952e-02,-1.13514828e-02,1.82561260e-02,1.51960499e-02,-5.05979235e-03
0.845211,2.24649369e-03,2.20463836e-02,-1.14161397e-02,1.82453060e-02,1.53521401e-02,-5.03203233e-03
0.846212,2.25709151e-03,2.20082094e-02,-1.14783855e-02,1.82344858e-02,1.55055177e-02,-5.00499043e-03
0.847212,2.26782483e-03,2.19694134e-02,-1.15380572e-02,1.82238409e-02,1.56562216e-02,-4.97873482e-03
0.848212,2.27864255e-03,2.19300299e-02,-1.15951548e-02,1.82134160e-02,1.58043303e-02,-4.95301799e-03
0.849212,2.28942655e-03,2.18901074e-02,-1.16494394e-02,1.82034423e-02,1.59498538e-02,-4.92813516e-03
0.850213,2.30012389e-03,2.18496866e-02,-1.17009526e-02,1.81939437e-02,1.60928925e-02,-4.90381157e-03
0.851213,2.31064733e-03,2.18088096e-02,-1.17495978e-02,1.81850290e-02,1.62334801e-02,-4.88006560e-03
0.852213,2.32090133e-03,2.17675317e-02,-1.17953005e-02,1.81768275e-02,1.63716941e-02,-4.85698718e-03
0.853213,2.33083736e-03,2.17258865e-02,-1.18381270e-02,1.81693100e-02,1.65075992e-02,-4.83425164e-03
0.854214,2.34035840e-03,2.16839318e-02,-1.18780234e-02,1.81625917e-02,1.66412723e-02,-4.81200936e-03
0.855214,2.34939457e-03,2.16417091e-02,-1.19150011e-02,1.81566942e-02,1.67727655e-02,-4.79012718e-03
0.856214,2.35790060e-03,2.15992621e-02,-1.19491983e-02,1.81515646e-02,1.69021836e-02,-4.76836669e-03
0.857214,2.36578189e-03,2.15566411e-02,-1.19805568e-02,1.81472907e-02,1.70295631e-02,-4.74686739e-03
0.858215,2.37300087e-03,2.15138852e-02,-1.20092336e-02,1.81437912e-02,1.71549939e-02,-4.72535627e-03
0.859215,2.37951037e-03,2.14710352e-02,-1.20353521e-02,1.81410122e-02,1.72785529e-02,-4.70368874e-03
0.860215,2.38523641e-03,2.14281358e-02,-1.20589284e-02,1.81389758e-02,1.74002775e-02,-4.68192846e-03
0.861215,2.39016852e-03,2.13852187e-02,-1.20802022e-02,1.81375349e-02,1.75202658e-02,-4.65975366e-03
0.862216,2.39425999e-03,2.13423196e-02,-1.20992869e-02,1.81366207e-02,1.76385580e-02,-4.63705551e-03
0.863216,2.39747668e-03,2.12994733e-02,-1.21163034e-02,1.81361830e-02,1.77552157e-02,-4.61384350e-03
0.864216,2.39980996e-03,2.12567035e-02,-1.21314883e-02,1.81360415e-02,1.78702889e-02,-4.58977398e-03
0.865216,2.40125239e-03,2.12140353e-02,-1.21450313e-02,1.81360833e-02,1.79838406e-02,-4.56475903e-03
0.866217,2.40177442e-03,2.11714942e-02,-1.21570556e-02,1.81362181e-02,1.80958828e-02,-4.53876701e-03
0.867217,2.40140523e-03,2.11290916e-02,-1.21678555e-02,1.81362306e-02,1.82064786e-02,-4.51148883e-03
0.868217,2.40014837e-03,2.10868416e-02,-1.21776315e-02,1.81359675e-02,1.83156498e-02,-4.48279730e-03
0.869217,2.39800564e-03,2.10447565e-02,-1.21865446e-02,1.81353062e-02,1.84234043e-02,-4.45268109e-03
0.870218,2.39502046e-03,2.10028364e-02,-1.21948828e-02,1.81340179e-02,1.85297740e-02,-4.42087089e-03
0.871218,2.39122399e-03,2.09610813e-02,-1.22028867e-02,1.81319003e-02,1.86347625e-02,-4.38719296e-03
0.872218,2.38664502e-03,2.09194892e-02,-1.22107242e-02,1.81288199e-02,1.87383654e-02,-4.35167280e-03
0.873218,2.38133060e-03,2.08780506e-02,-1.22186597e-02,1.81245368e-02,1.88405659e-02,-4.31408890e-03
0.874219,2.37535373e-03,2.08367474e-02,-1.22269606e-02,1.81188322e-02,1.89413762e-02,-4.27426047e-03
0.875219,2.36875077e-03,2.07955666e-02,-1.22358060e-02,1.81115242e-02,1.90407409e-02,-4.23216111e-03
0.876219,2.36159300e-03,2.07544843e-02,-1.22454052e-02,1.81024297e-02,1.91386432e-02,-4.18772426e-03
0.877219,2.35396146e-03,2.07134710e-02,-1.22560372e-02,1.80912795e-02,1.92350431e-02,-4.14070694e-03
0.878220,2.34593077e-03,2.06724960e-02,-1.22678895e-02,1.80778928e-02,1.93298988e-02,-4.09106671e-03
0.879220,2.33756973e-03,2.06315266e-02,-1.22811260e-02,1.80620916e-02,1.94231403e-02,-4.03880146e-03
0.880220,2.32897272e-03,2.05905212e-02,-1.22959714e-02,1.80436466e-02,1.95147119e-02,-3.98376355e-03
0.881220,2.32023752e-03,2.05494348e-02,-1.23126326e-02,1.80223443e-02,1.96045569e-02,-3.92582615e-03
0.882221,2.31144712e-03,2.05082222e-02,-1.23312576e-02,1.79980013e-02,1.96925795e-02,-3.86498938e-03
0.883221,2.30269188e-03,2.04668355e-02,-1.23519669e-02,1.79704743e-02,1.97787086e-02,-3.80127355e-03
0.884221,2.29408070e-03,2.04252164e-02,-1.23749680e-02,1.79395134e-02,1.98628391e-02,-3.73452677e-03
0.885221,2.28571395e-03,2.03833112e-02,-1.24003729e-02,1.79049833e-02,1.99449062e-02,-3.66473565e-03
0.886222,2.27768702e-03,2.03410588e-02,-1.24282958e-02,1.78667006e-02,2.00247730e-02,-3.59192171e-03
0.887222,2.27009391e-03,2.02984026e-02,-1.24587960e-02,1.78245644e-02,2.01023554e-02,-3.51614457e-03
0.888222,2.26304720e-03,2.02552740e-02,-1.24920062e-02,1.77783770e-02,2.01775300e-02,-3.43732887e-03
0.889222,2.25664761e-03,2.02116095e-02,-1.25279896e-02,1.77280203e-02,2.02501977e-02,-3.35548849e-03
0.890223,2.25098889e-03,2.01673430e-02,-1.25667757e-02,1.76733873e-02,2.03202289e-02,-3.27070772e-03
0.891223,2.24616467e-03,2.01224074e-02,-1.26083797e-02,1.76143841e-02,2.03874957e-02,-3.18307063e-03
0.892223,2.24227091e-03,2.00767361e-02,-1.26528193e-02,1.75509226e-02,2.04518891e-02,-3.09260914e-03
0.893223,2.23941157e-03,2.00302538e-02,-1.27001261e-02,1.74828804e-02,2.05132684e-02,-2.99933164e-03
0.894224,2.23766156e-03,1.99829008e-02,-1.27502367e-02,1.74102492e-02,2.05715352e-02,-2.90336815e-03
0.895224,2.23711438e-03,1.99345985e-02,-1.28031209e-02,1.73329412e-02,2.06265161e-02,-2.80482464e-03
0.896224,2.23783315e-03,1.98852924e-02,-1.28586791e-02,1.72509890e-02,2.06781296e-02,-2.70383675e-03
0.897224,2.23991387e-03,1.98349017e-02,-1.29168808e-02,1.71643047e-02,2.07262097e-02,-2.60044934e-03
0.898225,2.24341360e-03,1.97833723e-02,-1.29776076e-02,1.70729328e-02,2.07706716e-02,-2.49479206e-03
0.899225,2.24840455e-03,1.97306325e-02,-1.30407537e-02,1.69768615e-02,2.08113623e-02,-2.38700125e-03
0.900225,2.25493340e-03,1.96766273e-02,-1.31061597e-02,1.68761578e-02,2.08481752e-02,-2.27726364e-03
0.901225,2.26305283e-03,1.96212957e-02,-1.31736769e-02,1.67708654e-02,2.08809863e-02,-2.16573646e-03
0.902226,2.27281179e-03,1.95645789e-02,-1.32431505e-02,1.66610363e-02,2.09096783e-02,-2.05256164e-03
0.903226,2.28424195e-03,1.95064293e-02,-1.33143993e-02,1.65467652e-02,2.09341628e-02,-1.93790158e-03
0.904226,2.29738495e-03,1.94467862e-02,-1.33872372e-02,1.64281187e-02,2.09543038e-02,-1.82193218e-03
0.905226,2.31224158e-03,1.93856196e-02,-1.34614275e-02,1.63052640e-02,2.09700457e-02,-1.70488075e-03
0.906227,2.32884624e-03,1.93228667e-02,-1.35367523e-02,1.61782829e-02,2.09812336e-02,-1.58695459e-03
0.907227,2.34718074e-03,1.92585116e-02,-1.36129621e-02,1.60473753e-02,2.09878462e-02,-1.46836400e-03
0.908227,2.36726530e-03,1.91925000e-02,-1.36898226e-02,1.59126490e-02,2.09897488e-02,-1.34930143e-03
0.909227,2.38907278e-03,1.91248190e-02,-1.37670724e-02,1.57743130e-02,2.09869187e-02,-1.22997617e-03
0.910228,2.41259638e-03,1.90554324e-02,-1.38444458e-02,1.56325297e-02,2.09792602e-02,-1.11060248e-03
0.911228,2.43780032e-03,1.89843280e-02,-1.39216589e-02,1.54875192e-02,2.09667371e-02,-9.91414327e-04
0.912228,2.46464883e-03,1.89114906e-02,-1.39984201e-02,1.53394980e-02,2.09492983e-02,-8.72650601e-04
0.913228,2.49309995e-03,1.88369081e-02,-1.40744313e-02,1.51886914e-02,2.09268969e-02,-7.54550237e-04
0.914229,2.52309374e-03,1.87605862e-02,-1.41493998e-02,1.50353515e-02,2.08995322e-02,-6.37339737e-04
0.915229,2.55458194e-03,1.86825134e-02,-1.42230125e-02,1.48797100e-02,2.08671476e-02,-5.21262659e-04
0.916229,2.58748097e-03,1.86027171e-02,-1.42949826e-02,1.47220499e-02,2.08297933e-02,-4.06537197e-04
0.917229,2.62173486e-03,1.85211870e-02,-1.43649776e-02,1.45626144e-02,2.07874041e-02,-2.93418627e-04
0.918230,2.65724011e-03,1.84379681e-02,-1.44327132e-02,1.44017113e-02,2.07400665e-02,-1.82132408e-04
0.919230,2.69392084e-03,1.83530661e-02,-1.44978505e-02,1.42396129e-02,2.06877471e-02,-7.29425245e-05
0.920230,2.73166764e-03,1.82665289e-02,-1.45601010e-02,1.40766295e-02,2.06305287e-02,3.39223331e-05
0.921230,2.77038212e-03,1.81783842e-02,-1.46191359e-02,1.39130616e-02,2.05684283e-02,1.38202032e-04
0.922231,2.80995003e-03,1.80886813e-02,-1.46746600e-02,1.37492221e-02,2.05015222e-02,2.39666736e-04
0.923231,2.85025490e-03,1.79974697e-02,-1.47263710e-02,1.35854263e-02,2.04298801e-02,3.38079870e-04
0.924231,2.89117556e-03,1.79048013e-02,-1.47739606e-02,1.34219965e-02,2.03535724e-02,4.33200190e-04
0.925231,2.93258206e-03,1.78107455e-02,-1.48171658e-02,1.32592512e-02,2.02727201e-02,5.24825496e-04
0.926232,2.97434487e-03,1.77153578e-02,-1.48556615e-02,1.30975267e-02,2.01873896e-02,6.12698255e-04
0.927232,3.01632454e-03,1.76187261e-02,-1.48892316e-02,1.29371361e-02,2.00977499e-02,6.96649996e-04
0.928232,3.05838226e-03,1.75209108e-02,-1.49175344e-02,1.27784325e-02,2.00038668e-02,7.76408172e-04
0.929232,3.10037309e-03,1.74220123e-02,-1.49403905e-02,1.26217212e-02,1.99059407e-02,8.51824023e-04
0.930233,3.14214915e-03,1.73221070e-02,-1.49574910e-02,1.24673556e-02,1.98040753e-02,9.22646819e-04
0.931233,3.18356228e-03,1.72212969e-02,-1.49686494e-02,1.23156463e-02,1.96984650e-02,9.88713310e-04
0.932233,3.22445926e-03,1.71196754e-02,-1.49736111e-02,1.21669343e-02,1.95892601e-02,1.04980757e-03
0.933233,3.26468782e-03,1.70173477e-02,-1.49721819e-02,1.20215378e-02,1.94766521e-02,1.10575411e-03
0.934234,3.30409461e-03,1.69144209e-02,-1.49641690e-02,1.18797759e-02,1.93608332e-02,1.15637631e-03
0.935234,3.34252188e-03,1.68110049e-02,-1.49493689e-02,1.17419786e-02,1.92419952e-02,1.20148637e-03
0.936234,3.37982184e-03,1.67072172e-02,-1.49276574e-02,1.16084322e-02,1.91203662e-02,1.24095388e-03
0.937234,3.41582952e-03,1.66031738e-02,-1.48988199e-02,1.14794831e-02,1.89961422e-02,1.27457690e-03
0.938235,3.45040798e-03,1.64989989e-02,-1.48628047e-02,1.13553761e-02,1.88695800e-02,1.30227557e-03
0.939235,3.48338496e-03,1.63948164e-02,-1.48193919e-02,1.12364738e-02,1.87408856e-02,1.32383703e-03
0.940235,3.51463329e-03,1.62907538e-02,-1.47685796e-02,1.11229901e-02,1.86103314e-02,1.33921400e-03
0.941235,3.54398770e-03,1.61869426e-02,-1.47102034e-02,1.10152603e-02,1.84781500e-02,1.34822905e-03
0.942236,3.57131930e-03,1.60835130e-02,-1.46442547e-02,1.09135074e-02,1.83446130e-02,1.35082190e-03
0.943236,3.59647768e-03,1.59806008e-02,-1.45706428e-02,1.08180213e-02,1.82099771e-02,1.34685800e-03
0.944236,3.61933493e-03,1.58783400e-02,-1.44893695e-02,1.07290249e-02,1.80745233e-02,1.33629982e-03
0.945236,3.63974592e-03,1.57768690e-02,-1.44003600e-02,1.06468000e-02,1.79385065e-02,1.31892859e-03
0.946237,3.65762304e-03,1.56763193e-02,-1.43037856e-02,1.05714486e-02,1.78022661e-02,1.29507698e-03
0.947237,3.67273640e-03,1.55768479e-02,-1.41992251e-02,1.05035251e-02,1.76659486e-02,1.26364044e-03
0.948237,3.68522194e-03,1.54785444e-02,-1.40877175e-02,1.04424554e-02,1.75301400e-02,1.22687647e-03
0.949237,3.69447279e-03,1.53816477e-02,-1.39673863e-02,1.03899533e-02,1.73945865e-02,1.18032110e-03
0.950238,3.70121025e-03,1.52861226e-02,-1.38414780e-02,1.03436848e-02,1.72604581e-02,1.13115608e-03
0.951238,3.70420583e-03,1.51923477e-02,-1.37057714e-02,1.03072496e-02,1.71268864e-02,1.06956914e-03
0.952238,3.70459842e-03,1.51001932e-02,-1.35650398e-02,1.02770846e-02,1.69954264e-02,1.00611854e-03
0.953238,3.70138320e-03,1.50099891e-02,-1.34158915e-02,1.02561157e-02,1.68654107e-02,9.32815357e-04
0.954239,3.69469528e-03,1.49218345e-02,-1.32593513e-02,1.02438270e-02,1.67374527e-02,8.51656162e-04
0.955239,3.68508767e-03,1.48357034e-02,-1.30977624e-02,1.02384876e-02,1.66123191e-02,7.67698778e-04
0.956239,3.67137054e-03,1.47519923e-02,-1.29272238e-02,1.02435557e-02,1.64893359e-02,6.71456565e-04
0.957239,3.65459799e-03,1.46705734e-02,-1.27519478e-02,1.02558531e-02,1.63698409e-02,5.72527400e-04
0.958240,3.63404981e-03,1.45917096e-02,-1.25696249e-02,1.02774241e-02,1.62533829e-02,4.64684546e-04
0.959240,3.60980586e-03,1.45155213e-02,-1.23809744e-02,1.03080440e-02,1.61405714e-02,3.49673486e-04
0.960240,3.58232018e-03,1.44419806e-02,-1.21879136e-02,1.03462558e-02,1.60319223e-02,2.30785164e-04
0.961240,3.55064053e-03,1.43714443e-02,-1.19872654e-02,1.03949739e-02,1.59270383e-02,1.00970112e-04
0.962241,3.51563036e-03,1.43037993e-02,-1.17825701e-02,1.04514989e-02,1.58269154e-02,-3.30754525e-05
0.963241,3.47712870e-03,1.42391934e-02,-1.15733543e-02,1.05164406e-02,1.57317121e-02,-1.72050068e-04
0.964241,3.43454139e-03,1.41778626e-02,-1.13578368e-02,1.05914701e-02,1.56411369e-02,-3.21529305e-04
0.965241,3.38870357e-03,1.41197156e-02,-1.11392042e-02,1.06742420e-02,1.55562813e-02,-4.73947888e-04
0.966242,3.33925579e-03,1.40649247e-02,-1.09163962e-02,1.07657541e-02,1.54769372e-02,-6.33109616e-04
0.967242,3.28591718e-03,1.40136469e-02,-1.06884888e-02,1.08670265e-02,1.54031737e-02,-8.01097196e-04
0.968242,3.22948296e-03,1.39658011e-02,-1.04586918e-02,1.09756445e-02,1.53359446e-02,-9.71702749e-04
0.969242,3.16965287e-03,1.39215097e-02,-1.02258518e-02,1.10926469e-02,1.52750222e-02,-1.14803538e-03
0.970243,3.10654886e-03,1.38808603e-02,-9.99058285e-03,1.12178160e-02,1.52208536e-02,-1.32912017e-03
0.971243,3.04337083e-03,1.38431138e-02,-9.76433793e-03,1.13416791e-02,1.51759525e-02,-1.49057965e-03
0.972243,2.99233766e-03,1.38053237e-02,-9.58962593e-03,1.14286569e-02,1.51494776e-02,-1.53669161e-03
0.973243,3.00394856e-03,1.37548595e-02,-9.64136361e-03,1.13310436e-02,1.51772831e-02,-1.07795261e-03
0.974244,3.24758788e-03,1.36488624e-02,-1.04995153e-02,1.05564903e-02,1.53745590e-02,1.17566069e-03
0.975244,4.12958821e-03,1.33823951e-02,-1.35259395e-02,7.93734624e-03,1.59936048e-02,8.21968420e-03
0.976244,6.30188899e-03,1.27805678e-02,-2.08014974e-02,1.65191719e-03,1.73568597e-02,2.44851233e-02
0.977244,1.01748919e-02,1.17130481e-02,-3.32872357e-02,-9.26221227e-03,1.94000301e-02,5.14457993e-02
0.978245,1.50621828e-02,1.03147054e-02,-4.78568623e-02,-2.23593260e-02,2.10912088e-02,8.07082302e-02
0.979245,1.94791739e-02,8.94433138e-03,-5.87126486e-02,-3.27835371e-02,2.10006718e-02,9.74013155e-02
0.980245,2.32791224e-02,7.67758749e-03,-6.53116694e-02,-3.98135416e-02,1.92401669e-02,9.91123116e-02
0.981245,2.77785997e-02,6.22485072e-03,-7.23131860e-02,-4.71330117e-02,1.70938529e-02,9.63488723e-02
0.982246,3.26268375e-02,4.66833995e-03,-7.81564158e-02,-5.34681224e-02,1.42517232e-02,8.65429773e-02
0.983246,3.70095887e-02,3.22547131e-03,-7.97911652e-02,-5.61867702e-02,1.02359839e-02,6.40173067e-02
0.984246,4.19208994e-02,1.68499311e-03,-8.08752779e-02,-5.82047621e-02,6.19999761e-03,3.91615635e-02
0.985246,4.68081673e-02,1.85705955e-04,-7.92736885e-02,-5.77940680e-02,1.81727353e-03,9.74634342e-03
0.986247,5.16878900e-02,-1.24935173e-03,-7.51882864e-02,-5.50627756e-02,-2.55806254e-03,-2.11520212e-02
0.987247,5.68647017e-02,-2.67978067e-03,-6.97720073e-02,-5.10107734e-02,-6.45039594e-03,-4.81508383e-02
0.988247,6.18797778e-02,-3.97667379e-03,-6.15244024e-02,-4.44341536e-02,-9.99338191e-03,-7.23229053e-02
0.989247,6.71988322e-02,-5.23515781e-03,-5.23312699e-02,-3.69585282e-02,-1.25841092e-02,-8.75897422e-02
0.990248,7.23791106e-02,-6.33319841e-03,-4.08086733e-02,-2.75306103e-02,-1.44284786e-02,-9.59767977e-02
0.991248,7.77834035e-02,-7.34395054e-03,-2.85582806e-02,-1.75721208e-02,-1.51080911e-02,-9.37786949e-02
0.992248,8.31226956e-02,-8.18255604e-03,-1.48247358e-02,-6.56941127e-03,-1.47918778e-02,-8.33607906e-02
0.993248,8.85597625e-02,-8.87940176e-03,-5.27053582e-04,4.60132674e-03,-1.33669663e-02,-6.44507545e-02
0.994249,9.40501125e-02,-9.40930481e-03,1.41421793e-02,1.56779597e-02,-1.09019334e-02,-3.90249738e-02
0.995249,9.94937766e-02,-9.74386822e-03,2.92058543e-02,2.65698603e-02,-7.62813002e-03,-1.03005705e-02
0.996249,1.05062736e-01,-9.91402712e-03,4.36699351e-02,3.63784566e-02,-3.54310837e-03,2.05010493e-02
0.997249,1.10573571e-01,-9.87270721e-03,5.78533905e-02,4.53003030e-02,9.80081697e-04,4.90441356e-02
0.998250,1.16098301e-01,-9.63422161e-03,7.11628827e-02,5.28043272e-02,5.76664231e-03,7.32769404e-02
0.999250,1.21679399e-01,-9.20666239e-03,8.31261902e-02,5.84989118e-02,1.06156792e-02,9.13432468e-02
