u,mode_n1,mode_n2,mode_n3,mode_n4,mode_n5,mode_n6
0.000000,-1.46723987e-02,-1.51884386e-02,-1.69232740e-02,-1.96022421e-02,-2.34877832e-02,2.93332311e-02
0.001000,-1.46289682e-02,-1.51234437e-02,-1.68087238e-02,-1.93908510e-02,-2.30924580e-02,2.85448080e-02
0.002001,-1.45819011e-02,-1.50534722e-02,-1.66848274e-02,-1.91609679e-02,-2.26631136e-02,2.76931000e-02
0.003001,-1.45372477e-02,-1.49876780e-02,-1.65674794e-02,-1.89420664e-02,-2.22542556e-02,2.68873606e-02
0.004001,-1.44949852e-02,-1.49260557e-02,-1.64565402e-02,-1.87339931e-02,-2.18651487e-02,2.61259997e-02
0.005001,-1.44550991e-02,-1.48684510e-02,-1.63519076e-02,-1.85362110e-02,-2.14951666e-02,2.54060584e-02
0.006002,-1.44175672e-02,-1.48147683e-02,-1.62534569e-02,-1.83483444e-02,-2.11436527e-02,2.47252616e-02
0.007002,-1.43823261e-02,-1.47649909e-02,-1.61609454e-02,-1.81702336e-02,-2.08096288e-02,2.40821814e-02
0.008002,-1.43493356e-02,-1.47190546e-02,-1.60742012e-02,-1.80016005e-02,-2.04923387e-02,2.34750497e-02
0.009002,-1.43185930e-02,-1.46768215e-02,-1.59931657e-02,-1.78419789e-02,-2.01913725e-02,2.29014975e-02
0.010003,-1.42900773e-02,-1.46382250e-02,-1.59177248e-02,-1.76910910e-02,-1.99061777e-02,2.23598796e-02
0.011003,-1.42637111e-02,-1.46032331e-02,-1.58476085e-02,-1.75487642e-02,-1.96357688e-02,2.18489772e-02
0.012003,-1.42394459e-02,-1.45717491e-02,-1.57826367e-02,-1.74146646e-02,-1.93794385e-02,2.13670737e-02
0.013003,-1.42172727e-02,-1.45436262e-02,-1.57227451e-02,-1.72883274e-02,-1.91368305e-02,2.09120457e-02
0.014004,-1.41971474e-02,-1.45187769e-02,-1.56677692e-02,-1.71694511e-02,-1.89073173e-02,2.04823897e-02
0.015004,-1.41789922e-02,-1.44971705e-02,-1.56174486e-02,-1.70578903e-02,-1.86900081e-02,2.00772119e-02
0.016004,-1.41627686e-02,-1.44787225e-02,-1.55716374e-02,-1.69533603e-02,-1.84843501e-02,1.96951741e-02
0.017004,-1.41484662e-02,-1.44632838e-02,-1.55302752e-02,-1.68554103e-02,-1.82900546e-02,1.93343911e-02
0.018005,-1.41360228e-02,-1.44507438e-02,-1.54931635e-02,-1.67637084e-02,-1.81064635e-02,1.89934527e-02
0.019005,-1.41253552e-02,-1.44410653e-02,-1.54600371e-02,-1.66781158e-02,-1.79327289e-02,1.86716673e-02
0.020005,-1.41164121e-02,-1.44341487e-02,-1.54307278e-02,-1.65983344e-02,-1.77682950e-02,1.83678285e-02
0.021005,-1.41091741e-02,-1.44298340e-02,-1.54051627e-02,-1.65239107e-02,-1.76128942e-02,1.80802124e-02
0.022006,-1.41035906e-02,-1.44280200e-02,-1.53831799e-02,-1.64545495e-02,-1.74660148e-02,1.78076781e-02
0.023006,-1.40995835e-02,-1.44286808e-02,-1.53645310e-02,-1.63901514e-02,-1.73268951e-02,1.75497988e-02
0.024006,-1.40970801e-02,-1.44316995e-02,-1.53490046e-02,-1.63304054e-02,-1.71949164e-02,1.73054842e-02
0.025006,-1.40960562e-02,-1.44369122e-02,-1.53365246e-02,-1.62748679e-02,-1.70698485e-02,1.70731774e-02
0.026007,-1.40964616e-02,-1.44442003e-02,-1.53269407e-02,-1.62232183e-02,-1.69512594e-02,1.68517765e-02
0.027007,-1.40982059e-02,-1.44535155e-02,-1.53199874e-02,-1.61753275e-02,-1.68383942e-02,1.66408846e-02
0.028007,-1.41012183e-02,-1.44647727e-02,-1.53154574e-02,-1.61309739e-02,-1.67306724e-02,1.64398140e-02
0.029007,-1.41054787e-02,-1.44778233e-02,-1.53132853e-02,-1.60897587e-02,-1.66279183e-02,1.62472513e-02
0.030008,-1.41109340e-02,-1.44925161e-02,-1.53133295e-02,-1.60513035e-02,-1.65297763e-02,1.60620073e-02
0.031008,-1.41174941e-02,-1.45087912e-02,-1.53153352e-02,-1.60154661e-02,-1.64355609e-02,1.58837320e-02
0.032008,-1.41250765e-02,-1.45265788e-02,-1.53190696e-02,-1.59820810e-02,-1.63446527e-02,1.57120187e-02
0.033008,-1.41336427e-02,-1.45457285e-02,-1.53244305e-02,-1.59507722e-02,-1.62568171e-02,1.55457362e-02
0.034009,-1.41431569e-02,-1.45660840e-02,-1.53313257e-02,-1.59211514e-02,-1.61718586e-02,1.53837171e-02
0.035009,-1.41535440e-02,-1.45875750e-02,-1.53395425e-02,-1.58930514e-02,-1.60892330e-02,1.52255787e-02
0.036009,-1.41647082e-02,-1.46101443e-02,-1.53488192e-02,-1.58663571e-02,-1.60082715e-02,1.50711599e-02
0.037009,-1.41765948e-02,-1.46336607e-02,-1.53590168e-02,-1.58407615e-02,-1.59286644e-02,1.49196380e-02
0.038010,-1.41891740e-02,-1.46579573e-02,-1.53700666e-02,-1.58158597e-02,-1.58503085e-02,1.47698441e-02
0.039010,-1.42023817e-02,-1.46829300e-02,-1.53818012e-02,-1.57914151e-02,-1.57728224e-02,1.46212065e-02
0.040010,-1.42161225e-02,-1.47085324e-02,-1.53939622e-02,-1.57673470e-02,-1.56955659e-02,1.44737194e-02
0.041010,-1.42303278e-02,-1.47346748e-02,-1.54063666e-02,-1.57434593e-02,-1.56181150e-02,1.43269881e-02
0.042011,-1.42449671e-02,-1.47611952e-02,-1.54189464e-02,-1.57193678e-02,-1.55403861e-02,1.41799624e-02
0.043011,-1.42599936e-02,-1.47879550e-02,-1.54315954e-02,-1.56947611e-02,-1.54621977e-02,1.40318392e-02
0.044011,-1.42753213e-02,-1.48148968e-02,-1.54440866e-02,-1.56695370e-02,-1.53830174e-02,1.38825626e-02
0.045011,-1.42908637e-02,-1.48419655e-02,-1.54561931e-02,-1.56436024e-02,-1.53023136e-02,1.37321219e-02
0.046012,-1.43065772e-02,-1.48690313e-02,-1.54678126e-02,-1.56166681e-02,-1.52199169e-02,1.35798225e-02
0.047012,-1.43224343e-02,-1.48959366e-02,-1.54788911e-02,-1.55883713e-02,-1.51358017e-02,1.34247072e-02
0.048012,-1.43383719e-02,-1.49225886e-02,-1.54892661e-02,-1.55585168e-02,-1.50496351e-02,1.32664223e-02
0.049012,-1.43542978e-02,-1.49489529e-02,-1.54987028e-02,-1.55270784e-02,-1.49608756e-02,1.31051853e-02
0.050013,-1.43701466e-02,-1.49749498e-02,-1.55070383e-02,-1.54939048e-02,-1.48691868e-02,1.29407970e-02
0.051013,-1.43858922e-02,-1.50004320e-02,-1.55142245e-02,-1.54586665e-02,-1.47745658e-02,1.27724267e-02
0.052013,-1.44015003e-02,-1.50252701e-02,-1.55201905e-02,-1.54210807e-02,-1.46769487e-02,1.25993986e-02
0.053013,-1.44168963e-02,-1.50494119e-02,-1.55247469e-02,-1.53810697e-02,-1.45759302e-02,1.24217594e-02
0.054014,-1.44319941e-02,-1.50728179e-02,-1.55276650e-02,-1.53385875e-02,-1.44709968e-02,1.22397120e-02
0.055014,-1.44467513e-02,-1.50953932e-02,-1.55288546e-02,-1.52934500e-02,-1.43620220e-02,1.20529109e-02
0.056014,-1.44611509e-02,-1.51169945e-02,-1.55282963e-02,-1.52453411e-02,-1.42490886e-02,1.18605572e-02
0.057014,-1.44751516e-02,-1.51375260e-02,-1.55258984e-02,-1.51940685e-02,-1.41320746e-02,1.16622822e-02
0.058015,-1.44886763e-02,-1.51569616e-02,-1.55214635e-02,-1.51396255e-02,-1.40105516e-02,1.14583712e-02
0.059015,-1.45016556e-02,-1.51752657e-02,-1.55148172e-02,-1.50819811e-02,-1.38841531e-02,1.12490287e-02
0.060015,-1.45140588e-02,-1.51923236e-02,-1.55058934e-02,-1.50208945e-02,-1.37528355e-02,1.10337542e-02
0.061015,-1.45258749e-02,-1.52080078e-02,-1.54946903e-02,-1.49560907e-02,-1.36167286e-02,1.08118618e-02
0.062016,-1.45370620e-02,-1.52222561e-02,-1.54811143e-02,-1.48874667e-02,-1.34756952e-02,1.05832516e-02
0.063016,-1.45475469e-02,-1.52350607e-02,-1.54649782e-02,-1.48150623e-02,-1.33293304e-02,1.03483473e-02
0.064016,-1.45572746e-02,-1.52463866e-02,-1.54461464e-02,-1.47388465e-02,-1.31773737e-02,1.01073249e-02
0.065016,-1.45662308e-02,-1.52561301e-02,-1.54246027e-02,-1.46586055e-02,-1.30199079e-02,9.85970799e-03
0.066017,-1.45744061e-02,-1.52641727e-02,-1.54003434e-02,-1.45740852e-02,-1.28570618e-02,9.60489108e-03
0.067017,-1.45817577e-02,-1.52704664e-02,-1.53732671e-02,-1.44852170e-02,-1.26886790e-02,9.34289897e-03
0.068017,-1.45882244e-02,-1.52750278e-02,-1.53432204e-02,-1.43921010e-02,-1.25144290e-02,9.07428605e-03
0.069017,-1.45937628e-02,-1.52778300e-02,-1.53100986e-02,-1.42947228e-02,-1.23341294e-02,8.79924845e-03
0.070018,-1.45983690e-02,-1.52787800e-02,-1.52739123e-02,-1.41928924e-02,-1.21479291e-02,8.51735189e-03
0.071018,-1.46020442e-02,-1.52777818e-02,-1.52346862e-02,-1.40864093e-02,-1.19560183e-02,8.22810611e-03
0.072018,-1.46047547e-02,-1.52748040e-02,-1.51923417e-02,-1.39752433e-02,-1.17582912e-02,7.93162066e-03
0.073018,-1.46064366e-02,-1.52698551e-02,-1.51467097e-02,-1.38594727e-02,-1.15543953e-02,7.62843639e-03
0.074019,-1.46070625e-02,-1.52629397e-02,-1.50977300e-02,-1.37391563e-02,-1.13442378e-02,7.31888782e-03
0.075019,-1.46066366e-02,-1.52539815e-02,-1.50454319e-02,-1.36141422e-02,-1.11280072e-02,7.00262736e-03
0.076019,-1.46051702e-02,-1.52428972e-02,-1.49898657e-02,-1.34842571e-02,-1.09059518e-02,6.67921329e-03
0.077019,-1.46026434e-02,-1.52296669e-02,-1.49309885e-02,-1.33494936e-02,-1.06780496e-02,6.34877360e-03
0.078020,-1.45990098e-02,-1.52143249e-02,-1.48686789e-02,-1.32099872e-02,-1.04440467e-02,6.01193626e-03
0.079020,-1.45942288e-02,-1.51968666e-02,-1.48028299e-02,-1.30657771e-02,-1.02037575e-02,5.66907679e-03
0.080020,-1.45883174e-02,-1.51772537e-02,-1.47335048e-02,-1.29167990e-02,-9.95742374e-03,5.32003304e-03
0.081020,-1.45812999e-02,-1.51554154e-02,-1.46607858e-02,-1.27629049e-02,-9.70536468e-03,4.96439305e-03
0.082021,-1.45731726e-02,-1.51313330e-02,-1.45846737e-02,-1.26040829e-02,-9.44766625e-03,4.60221878e-03
0.083021,-1.45639015e-02,-1.51050498e-02,-1.45050773e-02,-1.24404848e-02,-9.18414521e-03,4.23414223e-03
0.084021,-1.45534577e-02,-1.50766054e-02,-1.44219204e-02,-1.22722515e-02,-8.91465409e-03,3.86075750e-03
0.085021,-1.45418426e-02,-1.50459645e-02,-1.43352130e-02,-1.20993325e-02,-8.63931679e-03,3.48204434e-03
0.086022,-1.45290924e-02,-1.50130723e-02,-1.42450680e-02,-1.19216123e-02,-8.35851397e-03,3.09763927e-03
0.087022,-1.45152274e-02,-1.49779109e-02,-1.41515500e-02,-1.17390710e-02,-8.07248392e-03,2.70748976e-03
0.088022,-1.45002294e-02,-1.49405235e-02,-1.40546109e-02,-1.15518516e-02,-7.78114948e-03,2.31214491e-03
0.089022,-1.44840722e-02,-1.49009740e-02,-1.39541763e-02,-1.13601523e-02,-7.48435139e-03,1.91234802e-03
0.090023,-1.44667584e-02,-1.48592794e-02,-1.38502555e-02,-1.11640457e-02,-7.18216649e-03,1.50839648e-03
0.091023,-1.44483200e-02,-1.48153925e-02,-1.37429437e-02,-1.09634379e-02,-6.87493403e-03,1.10003017e-03
0.092023,-1.44287917e-02,-1.47692750e-02,-1.36323424e-02,-1.07582538e-02,-6.56300365e-03,6.87014635e-04
0.093023,-1.44081840e-02,-1.47209682e-02,-1.35184829e-02,-1.05486170e-02,-6.24648388e-03,2.69717836e-04
0.094024,-1.43864774e-02,-1.46705490e-02,-1.34013069e-02,-1.03347525e-02,-5.92524627e-03,-1.51074613e-04
0.095024,-1.43636656e-02,-1.46180755e-02,-1.32807933e-02,-1.01168345e-02,-5.59926330e-03,-5.74754856e-04
0.096024,-1.43397783e-02,-1.45635448e-02,-1.31570258e-02,-9.89487527e-03,-5.26880571e-03,-1.00129417e-03
0.097024,-1.43148630e-02,-1.45069204e-02,-1.30301399e-02,-9.66879725e-03,-4.93430066e-03,-1.43098044e-03
0.098025,-1.42889445e-02,-1.44481916e-02,-1.29002037e-02,-9.43859719e-03,-4.59600580e-03,-1.86379989e-03
0.099025,-1.42620284e-02,-1.43874425e-02,-1.27672298e-02,-9.20450081e-03,-4.25394395e-03,-2.29910143e-03
0.100025,-1.42341030e-02,-1.43247617e-02,-1.26311778e-02,-8.96675633e-03,-3.90801856e-03,-2.73606403e-03
0.101025,-1.42051817e-02,-1.42601949e-02,-1.24920810e-02,-8.72549904e-03,-3.55834046e-03,-3.17426527e-03
0.102026,-1.41753112e-02,-1.41937312e-02,-1.23500692e-02,-8.48071250e-03,-3.20529734e-03,-3.61382768e-03
0.103026,-1.41445439e-02,-1.41253520e-02,-1.22052892e-02,-8.23235805e-03,-2.84932643e-03,-4.05496882e-03
0.104026,-1.41128986e-02,-1.40550746e-02,-1.20577874e-02,-7.98050324e-03,-2.49061687e-03,-4.49745487e-03
0.105026,-1.40803780e-02,-1.39830023e-02,-1.19075656e-02,-7.72541902e-03,-2.12914640e-03,-4.94050974e-03
0.106027,-1.40469802e-02,-1.39092266e-02,-1.17546097e-02,-7.46735506e-03,-1.76487392e-03,-5.38335711e-03
0.107027,-1.40127322e-02,-1.38337850e-02,-1.15989904e-02,-7.20641935e-03,-1.39800448e-03,-5.82571109e-03
0.108027,-1.39776893e-02,-1.37566659e-02,-1.14408606e-02,-6.94258906e-03,-1.02897937e-03,-6.26775736e-03
0.109027,-1.39419040e-02,-1.36778638e-02,-1.12803660e-02,-6.67585562e-03,-6.58221136e-04,-6.70964650e-03
0.110028,-1.39053951e-02,-1.35974189e-02,-1.11175520e-02,-6.40634010e-03,-2.85892431e-04,-7.15102031e-03
0.111028,-1.38681619e-02,-1.35154346e-02,-1.09524080e-02,-6.13431726e-03,8.80529251e-05,-7.59106979e-03
0.112028,-1.38302091e-02,-1.34320055e-02,-1.07849395e-02,-5.86003827e-03,4.63621512e-04,-8.02906622e-03
0.113028,-1.37915697e-02,-1.33471662e-02,-1.06152339e-02,-5.58360111e-03,8.40570308e-04,-8.46478762e-03
0.114029,-1.37523014e-02,-1.32609065e-02,-1.04434516e-02,-5.30498456e-03,1.21844461e-03,-8.89844157e-03
0.115029,-1.37124568e-02,-1.31732258e-02,-1.02697384e-02,-5.02419134e-03,1.59682993e-03,-9.33016393e-03
0.116029,-1.36720567e-02,-1.30841727e-02,-1.00941462e-02,-4.74135991e-03,1.97556356e-03,-9.75958423e-03
0.117029,-1.36310978e-02,-1.29938449e-02,-9.91665687e-03,-4.45675613e-03,2.35469707e-03,-1.01859000e-02
0.118030,-1.35895854e-02,-1.29023399e-02,-9.73727917e-03,-4.17063554e-03,2.73424517e-03,-1.06084043e-02
0.119030,-1.35475506e-02,-1.28096947e-02,-9.55609624e-03,-3.88310263e-03,3.11398187e-03,-1.10268679e-02
0.120030,-1.35050492e-02,-1.27159002e-02,-9.37326462e-03,-3.59413958e-03,3.49346839e-03,-1.14414993e-02
0.121030,-1.34621341e-02,-1.26209514e-02,-9.18893306e-03,-3.30373851e-03,3.87228560e-03,-1.18524828e-02
0.122031,-1.34188298e-02,-1.25248910e-02,-9.00316699e-03,-3.01202039e-03,4.25024624e-03,-1.22595420e-02
0.123031,-1.33751316e-02,-1.24278053e-02,-8.81594540e-03,-2.71923054e-03,4.62738916e-03,-1.26619186e-02
0.124031,-1.33310394e-02,-1.23297950e-02,-8.62726497e-03,-2.42563072e-03,5.00377587e-03,-1.30589055e-02
0.125031,-1.32865751e-02,-1.22309044e-02,-8.43718510e-03,-2.13134792e-03,5.37924957e-03,-1.34501980e-02
0.126032,-1.32417876e-02,-1.21311268e-02,-8.24584498e-03,-1.83637389e-03,5.75342196e-03,-1.38359707e-02
0.127032,-1.31967294e-02,-1.20304460e-02,-8.05339613e-03,-1.54067501e-03,6.12586581e-03,-1.42164966e-02
0.128032,-1.31514302e-02,-1.19288850e-02,-7.85992340e-03,-1.24432162e-03,6.49634351e-03,-1.45916884e-02
0.129032,-1.31058876e-02,-1.18265123e-02,-7.66541586e-03,-9.47519740e-04,6.86485236e-03,-1.49609162e-02
0.130033,-1.30600923e-02,-1.17234258e-02,-7.46984827e-03,-6.50528063e-04,7.23151121e-03,-1.53234734e-02
0.131033,-1.30140511e-02,-1.16196826e-02,-7.27324022e-03,-3.53510406e-04,7.59627847e-03,-1.56789270e-02
0.132033,-1.29677988e-02,-1.15152843e-02,-7.07569461e-03,-5.64859826e-05,7.95886695e-03,-1.60273456e-02
0.133033,-1.29213841e-02,-1.14102036e-02,-6.87735651e-03,2.40601951e-04,8.31886449e-03,-1.63690712e-02
0.134034,-1.28748428e-02,-1.13044338e-02,-6.67833365e-03,5.37756188e-04,8.67596263e-03,-1.67042630e-02
0.135034,-1.28281800e-02,-1.11980148e-02,-6.47864357e-03,8.34843888e-04,9.03008137e-03,-1.70325627e-02
0.136034,-1.27813799e-02,-1.10910290e-02,-6.27824635e-03,1.13163448e-03,9.38135113e-03,-1.73533198e-02
0.137034,-1.27344311e-02,-1.09835470e-02,-6.07711492e-03,1.42792671e-03,9.72986800e-03,-1.76659750e-02
0.138035,-1.26873466e-02,-1.08755884e-02,-5.87529361e-03,1.72364658e-03,1.00755068e-02,-1.79703892e-02
0.139035,-1.26401629e-02,-1.07671261e-02,-5.67289746e-03,2.01884369e-03,1.04179357e-02,-1.82668604e-02
0.140035,-1.25929190e-02,-1.06581248e-02,-5.47004973e-03,2.31358925e-03,1.07567950e-02,-1.85557695e-02
0.141035,-1.25456318e-02,-1.05485823e-02,-5.26680990e-03,2.60785821e-03,1.10918864e-02,-1.88371409e-02
0.142036,-1.24982894e-02,-1.04385474e-02,-5.06315381e-03,2.90149443e-03,1.14232621e-02,-1.91105469e-02
0.143036,-1.24508668e-02,-1.03280921e-02,-4.85902160e-03,3.19429088e-03,1.17511133e-02,-1.93754093e-02
0.144036,-1.24033504e-02,-1.02172604e-02,-4.65438664e-03,3.48610285e-03,1.20755096e-02,-1.96313259e-02
0.145036,-1.23557529e-02,-1.01060450e-02,-4.44929967e-03,3.77691985e-03,1.23962971e-02,-1.98783625e-02
0.146037,-1.23081057e-02,-9.99440025e-03,-4.24386794e-03,4.06683199e-03,1.27131552e-02,-2.01169423e-02
0.147037,-1.22604365e-02,-9.88228290e-03,-4.03818865e-03,4.35592014e-03,1.30257807e-02,-2.03474553e-02
0.148037,-1.22127483e-02,-9.76968789e-03,-3.83228774e-03,4.64415313e-03,1.33340489e-02,-2.05698765e-02
0.149037,-1.21650177e-02,-9.65666190e-03,-3.62611622e-03,4.93139098e-03,1.36381202e-02,-2.07838625e-02
0.150038,-1.21172119e-02,-9.54326076e-03,-3.41959735e-03,5.21745129e-03,1.39381979e-02,-2.09888688e-02
0.151038,-1.20693124e-02,-9.42951133e-03,-3.21269618e-03,5.50222636e-03,1.42343663e-02,-2.11846036e-02
0.152038,-1.20213259e-02,-9.31539063e-03,-3.00545351e-03,5.78573904e-03,1.45264906e-02,-2.13712307e-02
0.153038,-1.19732767e-02,-9.20084111e-03,-2.79796166e-03,6.06810344e-03,1.48142841e-02,-2.15492393e-02
0.154039,-1.19251840e-02,-9.08580574e-03,-2.59030005e-03,6.34941238e-03,1.50974506e-02,-2.17190138e-02
0.155039,-1.18770440e-02,-8.97027530e-03,-2.38248212e-03,6.62966919e-03,1.53759628e-02,-2.18806986e-02
0.156039,-1.18288271e-02,-8.85428112e-03,-2.17444552e-03,6.90875314e-03,1.56499776e-02,-2.20339651e-02
0.157039,-1.17804939e-02,-8.73786889e-03,-1.96610009e-03,7.18650179e-03,1.59197300e-02,-2.21783234e-02
0.158040,-1.17320176e-02,-8.62105955e-03,-1.75739206e-03,7.46281641e-03,1.61853520e-02,-2.23134982e-02
0.159040,-1.16833955e-02,-8.50382701e-03,-1.54834036e-03,7.73772174e-03,1.64467661e-02,-2.24396450e-02
0.160040,-1.16346438e-02,-8.38610499e-03,-1.33901945e-03,8.01133260e-03,1.67037005e-02,-2.25572167e-02
0.161040,-1.15857792e-02,-8.26783012e-03,-1.12950624e-03,8.28378000e-03,1.69559209e-02,-2.26667688e-02
0.162041,-1.15367983e-02,-8.14897425e-03,-9.19819120e-04,8.55510262e-03,1.72033601e-02,-2.27685366e-02
0.163041,-1.14876719e-02,-8.02955229e-03,-7.09901677e-04,8.82521662e-03,1.74461506e-02,-2.28623103e-02
0.164041,-1.14383571e-02,-7.90960304e-03,-4.99657055e-04,9.09397361e-03,1.76845439e-02,-2.29476447e-02
0.165041,-1.13888174e-02,-7.78915237e-03,-2.89007700e-04,9.36125801e-03,1.79187390e-02,-2.30242014e-02
0.166042,-1.13390376e-02,-7.66818297e-03,-7.79396575e-05,9.62705657e-03,1.81487323e-02,-2.30919843e-02
0.167042,-1.12890259e-02,-7.54663616e-03,1.33492413e-04,9.89147163e-03,1.83743342e-02,-2.31514172e-02
0.168042,-1.12387997e-02,-7.42444317e-03,3.45208431e-04,1.01546536e-02,1.85953176e-02,-2.32031262e-02
0.169042,-1.11883629e-02,-7.30155443e-03,5.57165909e-04,1.04166877e-02,1.88115328e-02,-2.32474979e-02
0.170043,-1.11376958e-02,-7.17796346e-03,7.69391539e-04,1.06775451e-02,1.90230295e-02,-2.32845227e-02
0.171043,-1.10867586e-02,-7.05370002e-03,9.81969975e-04,1.09371011e-02,1.92300271e-02,-2.33138493e-02
0.172043,-1.10355083e-02,-6.92879932e-03,1.19499633e-03,1.11952106e-02,1.94327704e-02,-2.33350436e-02
0.173043,-1.09839151e-02,-6.80326648e-03,1.40852332e-03,1.14517924e-02,1.96313599e-02,-2.33478788e-02
0.174044,-1.09319786e-02,-6.67707200e-03,1.62252516e-03,1.17069012e-02,1.98257488e-02,-2.33526494e-02
0.175044,-1.08797134e-02,-6.55015103e-03,1.83692829e-03,1.19606624e-02,2.00157095e-02,-2.33498836e-02
0.176044,-1.08271344e-02,-6.42243953e-03,2.05165795e-03,1.22132006e-02,2.02010100e-02,-2.33401205e-02
0.177044,-1.07742399e-02,-6.29390495e-03,2.26668751e-03,1.24645587e-02,2.03815565e-02,-2.33236210e-02
0.178045,-1.07210055e-02,-6.16455789e-03,2.48205715e-03,1.27146658e-02,2.05574498e-02,-2.33002510e-02
0.179045,-1.06673888e-02,-6.03443180e-03,2.69785532e-03,1.29633613e-02,2.07288858e-02,-2.32695383e-02
0.180045,-1.06133554e-02,-5.90357049e-03,2.91415686e-03,1.32105125e-02,2.08961181e-02,-2.32311439e-02
0.181045,-1.05588877e-02,-5.77198092e-03,3.13098517e-03,1.34560609e-02,2.10592169e-02,-2.31849706e-02
0.182046,-1.05039909e-02,-5.63962953e-03,3.34829562e-03,1.37000536e-02,2.12180545e-02,-2.31312962e-02
0.183046,-1.04486853e-02,-5.50645817e-03,3.56599966e-03,1.39426043e-02,2.13723769e-02,-2.30706457e-02
0.184046,-1.03929897e-02,-5.37241429e-03,3.78401320e-03,1.41838142e-02,2.15219430e-02,-2.30035144e-02
0.185046,-1.03369039e-02,-5.23747282e-03,4.00230249e-03,1.44236905e-02,2.16666225e-02,-2.29300693e-02
0.186047,-1.02804096e-02,-5.10165962e-03,4.22089511e-03,1.46621411e-02,2.18065180e-02,-2.28501505e-02
0.187047,-1.02234755e-02,-4.96502769e-03,4.43985813e-03,1.48990025e-02,2.19418500e-02,-2.27633440e-02
0.188047,-1.01660719e-02,-4.82762545e-03,4.65925177e-03,1.51341126e-02,2.20728083e-02,-2.26692323e-02
0.189047,-1.01081868e-02,-4.68947291e-03,4.87908557e-03,1.53673848e-02,2.21994416e-02,-2.25676639e-02
0.190048,-1.00498309e-02,-4.55055219e-03,5.09930280e-03,1.55988340e-02,2.23216107e-02,-2.24588512e-02
0.191048,-9.99102937e-03,-4.41081647e-03,5.31980083e-03,1.58285387e-02,2.24390244e-02,-2.23432399e-02
0.192048,-9.93180957e-03,-4.27022236e-03,5.54047274e-03,1.60565799e-02,2.25513935e-02,-2.22213042e-02
0.193048,-9.87218757e-03,-4.12876166e-03,5.76125272e-03,1.62829746e-02,2.26585857e-02,-2.20933083e-02
0.194049,-9.81215669e-03,-3.98646227e-03,5.98213662e-03,1.65076250e-02,2.27606200e-02,-2.19591165e-02
0.195049,-9.75169512e-03,-3.84338325e-03,6.20316552e-03,1.67303518e-02,2.28576509e-02,-2.18183073e-02
0.196049,-9.69077951e-03,-3.69959002e-03,6.42438605e-03,1.69509594e-02,2.29498552e-02,-2.16703988e-02
0.197049,-9.62939903e-03,-3.55512646e-03,6.64580725e-03,1.71693032e-02,2.30372987e-02,-2.15150888e-02
0.198050,-9.56756258e-03,-3.40999774e-03,6.86737554e-03,1.73853240e-02,2.31198483e-02,-2.13523850e-02
0.199050,-9.50530435e-03,-3.26418669e-03,7.08898002e-03,1.75990794e-02,2.31972801e-02,-2.11827041e-02
0.200050,-9.44266176e-03,-3.11766177e-03,7.31049169e-03,1.78106365e-02,2.32692782e-02,-2.10065151e-02
0.201050,-9.37966435e-03,-2.97040875e-03,7.53180496e-03,1.80200188e-02,2.33355954e-02,-2.08241481e-02
0.202051,-9.31632370e-03,-2.82244895e-03,7.75286738e-03,1.82271581e-02,2.33961392e-02,-2.06356189e-02
0.203051,-9.25263289e-03,-2.67384002e-03,7.97368138e-03,1.84318909e-02,2.34509798e-02,-2.04406120e-02
0.204051,-9.18857230e-03,-2.52465522e-03,8.19427637e-03,1.86339779e-02,2.35002291e-02,-2.02385633e-02
0.205051,-9.12413310e-03,-2.37497111e-03,8.41467228e-03,1.88332391e-02,2.35440588e-02,-2.00290775e-02
0.206052,-9.05932066e-03,-2.22483141e-03,8.63483913e-03,1.90295528e-02,2.35824656e-02,-1.98119755e-02
0.207052,-8.99416052e-03,-2.07424430e-03,8.85468741e-03,1.92228894e-02,2.36152747e-02,-1.95874091e-02
0.208052,-8.92869284e-03,-1.92319318e-03,9.07408504e-03,1.94132871e-02,2.36421897e-02,-1.93557773e-02
0.209052,-8.86295994e-03,-1.77165893e-03,9.29289373e-03,1.96007929e-02,2.36628966e-02,-1.91175222e-02
0.210053,-8.79699184e-03,-1.61964075e-03,9.51100263e-03,1.97853813e-02,2.36771335e-02,-1.88728680e-02
0.211053,-8.73080202e-03,-1.46717784e-03,9.72836279e-03,1.99669624e-02,2.36848618e-02,-1.86217827e-02
0.212053,-8.66438643e-03,-1.31434113e-03,9.94497690e-03,2.01453620e-02,2.36861926e-02,-1.83639348e-02
0.213053,-8.59773282e-03,-1.16121432e-03,1.01608683e-02,2.03203598e-02,2.36812883e-02,-1.80988367e-02
0.214054,-8.53083429e-03,-1.00787168e-03,1.03760452e-02,2.04917604e-02,2.36702724e-02,-1.78260820e-02
0.215054,-8.46369965e-03,-8.54358994e-04,1.05904704e-02,2.06594444e-02,2.36531416e-02,-1.75455267e-02
0.216054,-8.39635583e-03,-7.00686909e-04,1.08040477e-02,2.08233695e-02,2.36297099e-02,-1.72573229e-02
0.217054,-8.32884419e-03,-5.46841281e-04,1.10166427e-02,2.09835718e-02,2.35996920e-02,-1.69618923e-02
0.218055,-8.26120873e-03,-3.92804919e-04,1.12281226e-02,2.11401247e-02,2.35628306e-02,-1.66597563e-02
0.219055,-8.19348188e-03,-2.38577596e-04,1.14383807e-02,2.12930361e-02,2.35189222e-02,-1.63512435e-02
0.220055,-8.12567812e-03,-8.41902677e-05,1.16473627e-02,2.14422329e-02,2.34679150e-02,-1.60363996e-02
0.221055,-8.05779417e-03,7.02955265e-05,1.18550667e-02,2.15875614e-02,2.34099091e-02,-1.57149837e-02
0.222056,-7.98981648e-03,2.24801660e-04,1.20615184e-02,2.17288169e-02,2.33450833e-02,-1.53865806e-02
0.223056,-7.92173256e-03,3.79254074e-04,1.22667344e-02,2.18657877e-02,2.32735807e-02,-1.50507749e-02
0.224056,-7.85354380e-03,5.33604571e-04,1.24707113e-02,2.19983856e-02,2.31955319e-02,-1.47074737e-02
0.225056,-7.78526801e-03,6.87838876e-04,1.26733860e-02,2.21265813e-02,2.31108719e-02,-1.43568418e-02
0.226057,-7.71693750e-03,8.41971863e-04,1.28746527e-02,2.22504233e-02,2.30194122e-02,-1.39993190e-02
0.227057,-7.64859009e-03,9.96031527e-04,1.30743890e-02,2.23699960e-02,2.29209140e-02,-1.36354758e-02
0.228057,-7.58025770e-03,1.15003841e-03,1.32724892e-02,2.24853652e-02,2.28151843e-02,-1.32658222e-02
0.229057,-7.51195735e-03,1.30398820e-03,1.34688767e-02,2.25964971e-02,2.27020927e-02,-1.28906019e-02
0.230058,-7.44368674e-03,1.45784690e-03,1.36635582e-02,2.27033471e-02,2.25817883e-02,-1.25098627e-02
0.231058,-7.37542903e-03,1.61155722e-03,1.38565711e-02,2.28057782e-02,2.24544911e-02,-1.21233851e-02
0.232058,-7.30716204e-03,1.76505574e-03,1.40479674e-02,2.29036342e-02,2.23204643e-02,-1.17308740e-02
0.233058,-7.23886904e-03,1.91829267e-03,1.42377833e-02,2.29967938e-02,2.21799272e-02,-1.13321442e-02
0.234059,-7.17054681e-03,2.07124661e-03,1.44260153e-02,2.30852103e-02,2.20329859e-02,-1.09272617e-02
0.235059,-7.10220801e-03,2.22392734e-03,1.46126020e-02,2.31688941e-02,2.18795698e-02,-1.05165579e-02
0.236059,-7.03387732e-03,2.37637273e-03,1.47974629e-02,2.32479693e-02,2.17195675e-02,-1.01006593e-02
0.237059,-6.96558146e-03,2.52862847e-03,1.49805101e-02,2.33225796e-02,2.15528409e-02,-9.68026513e-03
0.238060,-6.89733915e-03,2.68072886e-03,1.51616732e-02,2.33928275e-02,2.13792955e-02,-9.25596404e-03
0.239060,-6.82915358e-03,2.83268388e-03,1.53409273e-02,2.34587517e-02,2.11989637e-02,-8.82811863e-03
0.240060,-6.76101040e-03,2.98447539e-03,1.55182982e-02,2.35203163e-02,2.10120244e-02,-8.39682305e-03
0.241060,-6.69288174e-03,3.13606337e-03,1.56938440e-02,2.35774112e-02,2.08187460e-02,-7.96194834e-03
0.242061,-6.62473449e-03,3.28740260e-03,1.58676430e-02,2.36299225e-02,2.06194610e-02,-7.52330584e-03
0.243061,-6.55654121e-03,3.43846259e-03,1.60397686e-02,2.36777992e-02,2.04144949e-02,-7.08083288e-03
0.244061,-6.48828722e-03,3.58923804e-03,1.62102474e-02,2.37210359e-02,2.02040335e-02,-6.63467774e-03
0.245061,-6.41997311e-03,3.73975420e-03,1.63790610e-02,2.37597074e-02,1.99881325e-02,-6.18526513e-03
0.246062,-6.35161140e-03,3.89006082e-03,1.65461554e-02,2.37939539e-02,1.97667431e-02,-5.73324651e-03
0.247062,-6.28321888e-03,4.04021775e-03,1.67114604e-02,2.38239365e-02,1.95397663e-02,-5.27937116e-03
0.248062,-6.21480721e-03,4.19027797e-03,1.68749124e-02,2.38497832e-02,1.93071180e-02,-4.82433037e-03
0.249062,-6.14637528e-03,4.34027395e-03,1.70365097e-02,2.38716199e-02,1.90688954e-02,-4.36863023e-03
0.250063,-6.07790567e-03,4.49020950e-03,1.71962845e-02,2.38894676e-02,1.88252877e-02,-3.91250334e-03
0.251063,-6.00936706e-03,4.64006445e-03,1.73543094e-02,2.39032838e-02,1.85766020e-02,-3.45594952e-03
0.252063,-5.94072088e-03,4.78980644e-03,1.75106785e-02,2.39129930e-02,1.83232086e-02,-2.99884094e-03
0.253063,-5.87193030e-03,4.93940681e-03,1.76654808e-02,2.39185285e-02,1.80654664e-02,-2.54106811e-03
0.254064,-5.80296676e-03,5.08885388e-03,1.78187641e-02,2.39198352e-02,1.78036197e-02,-2.08267395e-03
0.255064,-5.73381943e-03,5.23816555e-03,1.79705576e-02,2.39169999e-02,1.75378567e-02,-1.62395529e-03
0.256064,-5.66449089e-03,5.38738449e-03,1.81208365e-02,2.39101467e-02,1.72682100e-02,-1.16544338e-03
0.257064,-5.59499311e-03,5.53656985e-03,1.82695470e-02,2.38994420e-02,1.69946272e-02,-7.07829071e-04
0.258065,-5.52533971e-03,5.68578280e-03,1.84166301e-02,2.38850592e-02,1.67170393e-02,-2.51831559e-04
0.259065,-5.45553783e-03,5.83507137e-03,1.85620458e-02,2.38671381e-02,1.64354295e-02,2.01942415e-04
0.260065,-5.38558111e-03,5.98446006e-03,1.87057796e-02,2.38457339e-02,1.61498602e-02,6.53086483e-04
0.261065,-5.31545035e-03,6.13394430e-03,1.88478760e-02,2.38208626e-02,1.58605556e-02,1.10147926e-03
0.262066,-5.24511521e-03,6.28349677e-03,1.89884112e-02,2.37924775e-02,1.55678328e-02,1.54721639e-03
0.263066,-5.17454044e-03,6.43307954e-03,1.91274703e-02,2.37604935e-02,1.52720403e-02,1.99049586e-03
0.264066,-5.10369436e-03,6.58265816e-03,1.92651284e-02,2.37248345e-02,1.49735013e-02,2.43149239e-03
0.265066,-5.03255605e-03,6.73221437e-03,1.94014300e-02,2.36854673e-02,1.46724537e-02,2.87023695e-03
0.266067,-4.96111814e-03,6.88175327e-03,1.95363708e-02,2.36424064e-02,1.43690040e-02,3.30653332e-03
0.267067,-4.88938904e-03,7.03130337e-03,1.96699074e-02,2.35957406e-02,1.40631432e-02,3.73996817e-03
0.268067,-4.81738934e-03,7.18090801e-03,1.98019748e-02,2.35456222e-02,1.37547894e-02,4.16999699e-03
0.269067,-4.74514140e-03,7.33061241e-03,1.99324917e-02,2.34921916e-02,1.34438199e-02,4.59602836e-03
0.270068,-4.67266342e-03,7.48045016e-03,2.00613890e-02,2.34355608e-02,1.31301467e-02,5.01756343e-03
0.271068,-4.59996361e-03,7.63043243e-03,2.01886270e-02,2.33757841e-02,1.28137666e-02,5.43429775e-03
0.272068,-4.52703724e-03,7.78054355e-03,2.03142004e-02,2.33128406e-02,1.24947802e-02,5.84616141e-03
0.273068,-4.45386737e-03,7.93074302e-03,2.04381310e-02,2.32466312e-02,1.21733791e-02,6.25329478e-03
0.274069,-4.38043409e-03,8.08097363e-03,2.05604807e-02,2.31770590e-02,1.18498443e-02,6.65604780e-03
0.275069,-4.30671677e-03,8.23117638e-03,2.06812974e-02,2.31039970e-02,1.15244359e-02,7.05476369e-03
0.276069,-4.23270262e-03,8.38130213e-03,2.08006066e-02,2.30273446e-02,1.11973547e-02,7.44969781e-03
0.277069,-4.15839164e-03,8.53132071e-03,2.09183973e-02,2.29470525e-02,1.08686992e-02,7.84092940e-03
0.278070,-4.08379830e-03,8.68122419e-03,2.10346167e-02,2.28631312e-02,1.05384497e-02,8.22832609e-03
0.279070,-4.00894767e-03,8.83102272e-03,2.11491603e-02,2.27756129e-02,1.02064668e-02,8.61152943e-03
0.280070,-3.93387670e-03,8.98073826e-03,2.12619298e-02,2.26846188e-02,9.87257700e-03,8.99014283e-03
0.281070,-3.85862073e-03,9.13038953e-03,2.13728138e-02,2.25902381e-02,9.53659029e-03,9.36374485e-03
0.282071,-3.78320903e-03,9.27998133e-03,2.14817174e-02,2.24925242e-02,9.19836583e-03,9.73202430e-03
0.283071,-3.70766035e-03,9.42949655e-03,2.15885772e-02,2.23914743e-02,8.85785301e-03,1.00948616e-02
0.284071,-3.63198131e-03,9.57889348e-03,2.16933655e-02,2.22870219e-02,8.51510639e-03,1.04523583e-02
0.285071,-3.55616724e-03,9.72810772e-03,2.17960727e-02,2.21790226e-02,8.17026036e-03,1.08047814e-02
0.286072,-3.48020893e-03,9.87706379e-03,2.18967283e-02,2.20673338e-02,7.82352645e-03,1.11525710e-02
0.287072,-3.40409755e-03,1.00256862e-02,2.19953592e-02,2.19518107e-02,7.47511492e-03,1.14961725e-02
0.288072,-3.32783040e-03,1.01739095e-02,2.20919685e-02,2.18323266e-02,7.12518140e-03,1.18359250e-02
0.289072,-3.25141559e-03,1.03216875e-02,2.21865283e-02,2.17088064e-02,6.77379478e-03,1.21719950e-02
0.290073,-3.17487368e-03,1.04689963e-02,2.22789746e-02,2.15812348e-02,6.42092168e-03,1.25043407e-02
0.291073,-3.09823605e-03,1.06158304e-02,2.23692019e-02,2.14496357e-02,6.06642928e-03,1.28327089e-02
0.292073,-3.02154164e-03,1.07621996e-02,2.24570906e-02,2.13140833e-02,5.71012918e-03,1.31567229e-02
0.293073,-2.94483041e-03,1.09081189e-02,2.25425333e-02,2.11746849e-02,5.35183545e-03,1.34759967e-02
0.294074,-2.86813667e-03,1.10535938e-02,2.26254264e-02,2.10315090e-02,4.99139541e-03,1.37901854e-02
0.295074,-2.79148478e-03,1.11986136e-02,2.27056958e-02,2.08845832e-02,4.62873891e-03,1.40990864e-02
0.296074,-2.71488662e-03,1.13431473e-02,2.27833040e-02,2.07338828e-02,4.26390067e-03,1.44026828e-02
0.297074,-2.63834194e-03,1.14871439e-02,2.28582446e-02,2.05793256e-02,3.89701568e-03,1.47011323e-02
0.298075,-2.56184132e-03,1.16305357e-02,2.29305292e-02,2.04207775e-02,3.52829490e-03,1.49947148e-02
0.299075,-2.48537039e-03,1.17732587e-02,2.30002172e-02,2.02581443e-02,3.15801192e-03,1.52838268e-02
0.300075,-2.40891653e-03,1.19152512e-02,2.30673444e-02,2.00913197e-02,2.78641679e-03,1.55687846e-02
0.301075,-2.33247339e-03,1.20564671e-02,2.31319290e-02,1.99202378e-02,2.41370899e-03,1.58497759e-02
0.302076,-2.25604402e-03,1.21968819e-02,2.31939616e-02,1.97448896e-02,2.04000925e-03,1.61268014e-02
0.303076,-2.17964165e-03,1.23364941e-02,2.32534035e-02,1.95653276e-02,1.66535152e-03,1.63996551e-02
0.304076,-2.10328855e-03,1.24753158e-02,2.33101669e-02,1.93816226e-02,1.28968687e-03,1.66679044e-02
0.305076,-2.02701067e-03,1.26133858e-02,2.33641965e-02,1.91939521e-02,9.12941372e-04,1.69310720e-02
0.306077,-1.95083329e-03,1.27507402e-02,2.34154186e-02,1.90024706e-02,5.35035441e-04,1.71886138e-02
0.307077,-1.87477576e-03,1.28874090e-02,2.34637755e-02,1.88073162e-02,1.55934257e-04,1.74400359e-02
0.308077,-1.79884731e-03,1.30234090e-02,2.35092388e-02,1.86085931e-02,-2.24316695e-04,1.76849688e-02
0.309077,-1.72304495e-03,1.31587397e-02,2.35518160e-02,1.84063599e-02,-6.05572223e-04,1.79232095e-02
0.310078,-1.64735416e-03,1.32933791e-02,2.35915316e-02,1.82006070e-02,-9.87590390e-04,1.81546817e-02
0.311078,-1.57174939e-03,1.34272989e-02,2.36284686e-02,1.79913257e-02,-1.37003856e-03,1.83795152e-02
0.312078,-1.49620006e-03,1.35604650e-02,2.36627225e-02,1.77784886e-02,-1.75254261e-03,1.85979026e-02
0.313078,-1.42067552e-03,1.36928450e-02,2.36943820e-02,1.75620671e-02,-2.13472701e-03,1.88100069e-02
0.314079,-1.34514950e-03,1.38244183e-02,2.37235234e-02,1.73420622e-02,-2.51625306e-03,1.90159024e-02
0.315079,-1.26960374e-03,1.39551820e-02,2.37501999e-02,1.71185220e-02,-2.89684998e-03,1.92155148e-02
0.316079,-1.19402958e-03,1.40851510e-02,2.37744258e-02,1.68915350e-02,-3.27632563e-03,1.94085613e-02
0.317079,-1.11842790e-03,1.42143630e-02,2.37961958e-02,1.66612550e-02,-3.65457345e-03,1.95946020e-02
0.318080,-1.04280673e-03,1.43428747e-02,2.38154986e-02,1.64278939e-02,-4.03155841e-03,1.97731066e-02
0.319080,-9.67176974e-04,1.44707460e-02,2.38323012e-02,1.61916658e-02,-4.40727057e-03,1.99434450e-02
0.320080,-8.91548108e-04,1.45980355e-02,2.38465747e-02,1.59527819e-02,-4.78169346e-03,2.01049988e-02
0.321080,-8.15924000e-04,1.47247922e-02,2.38583063e-02,1.57114290e-02,-5.15476866e-03,2.02572359e-02
0.322081,-7.40299841e-04,1.48510486e-02,2.38675037e-02,1.54677489e-02,-5.52636588e-03,2.03997510e-02
0.323081,-6.64660502e-04,1.49768167e-02,2.38741959e-02,1.52218270e-02,-5.89626431e-03,2.05322796e-02
0.324081,-5.88981557e-04,1.51020964e-02,2.38784715e-02,1.49737280e-02,-6.26418639e-03,2.06548637e-02
0.325081,-5.13231666e-04,1.52268694e-02,2.38804214e-02,1.47234620e-02,-6.62978520e-03,2.07676169e-02
0.326082,-4.37376358e-04,1.53511096e-02,2.38801457e-02,1.44710170e-02,-6.99268605e-03,2.08707397e-02
0.327082,-3.61382444e-04,1.54747906e-02,2.38777415e-02,1.42163796e-02,-7.35252295e-03,2.09644509e-02
0.328082,-2.85222268e-04,1.55978925e-02,2.38732904e-02,1.39595537e-02,-7.70897438e-03,2.10489200e-02
0.329082,-2.08875325e-04,1.57204028e-02,2.38668308e-02,1.37005571e-02,-8.06175812e-03,2.11241298e-02
0.330083,-1.32335260e-04,1.58423346e-02,2.38584043e-02,1.34394864e-02,-8.41074617e-03,2.11900831e-02
0.331083,-5.56052293e-05,1.59637117e-02,2.38480043e-02,1.31764613e-02,-8.75587494e-03,2.12465685e-02
0.332083,2.13024929e-05,1.60845694e-02,2.38355969e-02,1.29116326e-02,-9.09715811e-03,2.12932567e-02
0.333083,9.83694418e-05,1.62049492e-02,2.38211302e-02,1.26451689e-02,-9.43466354e-03,2.13297534e-02
0.334084,1.75574763e-04,1.63248919e-02,2.38045454e-02,1.23772376e-02,-9.76848170e-03,2.13556623e-02
0.335084,2.52899806e-04,1.64444271e-02,2.37857739e-02,1.21079783e-02,-1.00986692e-02,2.13705784e-02
0.336084,3.30329589e-04,1.65635746e-02,2.37647842e-02,1.18375074e-02,-1.04252803e-02,2.13743344e-02
0.337084,4.07856628e-04,1.66823344e-02,2.37415643e-02,1.15658905e-02,-1.07483048e-02,2.13669177e-02
0.338085,4.85481587e-04,1.68006860e-02,2.37161196e-02,1.12931385e-02,-1.10676559e-02,2.13484645e-02
0.339085,5.63212097e-04,1.69185906e-02,2.36884764e-02,1.10192150e-02,-1.13831865e-02,2.13192779e-02
0.340085,6.41060512e-04,1.70359956e-02,2.36586756e-02,1.07440475e-02,-1.16947064e-02,2.12797918e-02
0.341085,7.19041330e-04,1.71528382e-02,2.36267545e-02,1.04675369e-02,-1.20019897e-02,2.12304783e-02
0.342086,7.97166544e-04,1.72690559e-02,2.35927530e-02,1.01895854e-02,-1.23048371e-02,2.11718634e-02
0.343086,8.75441601e-04,1.73845960e-02,2.35567066e-02,9.91011998e-03,-1.26031193e-02,2.11044742e-02
0.344086,9.53864400e-04,1.74994144e-02,2.35186170e-02,9.62909033e-03,-1.28967514e-02,2.10286908e-02
0.345086,1.03242322e-03,1.76134810e-02,2.34784585e-02,9.34648394e-03,-1.31857271e-02,2.09447635e-02
0.346087,1.11109670e-03,1.77267805e-02,2.34361777e-02,9.06232805e-03,-1.34701199e-02,2.08528042e-02
0.347087,1.18985534e-03,1.78393089e-02,2.33916928e-02,8.77668214e-03,-1.37500641e-02,2.07527840e-02
0.348087,1.26866373e-03,1.79510688e-02,2.33448970e-02,8.48962666e-03,-1.40257315e-02,2.06445547e-02
0.349087,1.34748369e-03,1.80620757e-02,2.32957062e-02,8.20126979e-03,-1.42973680e-02,2.05280296e-02
0.350088,1.42627906e-03,1.81723368e-02,2.32440246e-02,7.91170329e-03,-1.45651778e-02,2.04030776e-02
0.351088,1.50501848e-03,1.82818515e-02,2.31897704e-02,7.62099897e-03,-1.48293273e-02,2.02696325e-02
0.352088,1.58367799e-03,1.83906070e-02,2.31328837e-02,7.32919775e-03,-1.50899234e-02,2.01277337e-02
0.353088,1.66224255e-03,1.84985763e-02,2.30733308e-02,7.03630377e-03,-1.53469993e-02,1.99775490e-02
0.354089,1.74070539e-03,1.86057108e-02,2.30110816e-02,6.74227393e-03,-1.56004790e-02,1.98193101e-02
0.355089,1.81906984e-03,1.87119644e-02,2.29461771e-02,6.44705368e-03,-1.58502792e-02,1.96535035e-02
0.356089,1.89734450e-03,1.88172775e-02,2.28786548e-02,6.15056021e-03,-1.60962355e-02,1.94806240e-02
0.357089,1.97554124e-03,1.89215888e-02,2.28085612e-02,5.85270546e-03,-1.63381537e-02,1.93011914e-02
0.358090,2.05367217e-03,1.90248413e-02,2.27359441e-02,5.55341212e-03,-1.65758362e-02,1.91157002e-02
0.359090,2.13174685e-03,1.91269880e-02,2.26608440e-02,5.25262837e-03,-1.68091066e-02,1.89245679e-02
0.360090,2.20976965e-03,1.92279888e-02,2.25832715e-02,4.95032987e-03,-1.70377984e-02,1.87280590e-02
0.361090,2.28773920e-03,1.93278328e-02,2.25032451e-02,4.64655373e-03,-1.72618471e-02,1.85263466e-02
0.362091,2.36564763e-03,1.94265260e-02,2.24207610e-02,4.34138169e-03,-1.74812401e-02,1.83194386e-02
0.363091,2.44348139e-03,1.95240876e-02,2.23357927e-02,4.03493435e-03,-1.76960032e-02,1.81071847e-02
0.364091,2.52122324e-03,1.96205499e-02,2.22483027e-02,3.72736659e-03,-1.79061981e-02,1.78893181e-02
0.365091,2.59885477e-03,1.97159533e-02,2.21582499e-02,3.41885546e-03,-1.81119029e-02,1.76654966e-02
0.366092,2.67635862e-03,1.98103374e-02,2.20655863e-02,3.10958371e-03,-1.83131691e-02,1.74353221e-02
0.367092,2.75372228e-03,1.99037434e-02,2.19702860e-02,2.79973248e-03,-1.85100339e-02,1.71984388e-02
0.368092,2.83094097e-03,1.99962104e-02,2.18723579e-02,2.48946607e-03,-1.87025074e-02,1.69545983e-02
0.369092,2.90801765e-03,2.00877625e-02,2.17718220e-02,2.17891770e-03,-1.88905133e-02,1.67036200e-02
0.370093,2.98496417e-03,2.01784118e-02,2.16687245e-02,1.86818870e-03,-1.90739053e-02,1.64454404e-02
0.371093,3.06180088e-03,2.02681585e-02,2.15631363e-02,1.55734866e-03,-1.92524692e-02,1.61801147e-02
0.372093,3.13855504e-03,2.03569911e-02,2.14551441e-02,1.24643993e-03,-1.94259236e-02,1.59077888e-02
0.373093,3.21525902e-03,2.04448884e-02,2.13448432e-02,9.35486101e-04,-1.95939267e-02,1.56286673e-02
0.374094,3.29194777e-03,2.05318381e-02,2.12323635e-02,6.24503246e-04,-1.97561888e-02,1.53430778e-02
0.375094,3.36865477e-03,2.06178235e-02,2.11178151e-02,3.13511023e-04,-1.99123908e-02,1.50512955e-02
0.376094,3.44540989e-03,2.07028339e-02,2.10012979e-02,2.54412353e-06,-2.00622445e-02,1.47535548e-02
0.377094,3.52223708e-03,2.07868683e-02,2.08828949e-02,-3.08338860e-04,-2.02055119e-02,1.44500158e-02
0.378095,3.59915281e-03,2.08699369e-02,2.07626676e-02,-6.19049863e-04,-2.03420189e-02,1.41407436e-02
0.379095,3.67616623e-03,2.09520538e-02,2.06406377e-02,-9.29465863e-04,-2.04715996e-02,1.38256462e-02
0.380095,3.75327666e-03,2.10332609e-02,2.05168350e-02,-1.23944002e-03,-2.05942803e-02,1.35046344e-02
0.381095,3.83047724e-03,2.11136000e-02,2.03912537e-02,-1.54880243e-03,-2.07100918e-02,1.31774935e-02
0.382096,3.90775594e-03,2.11931170e-02,2.02638726e-02,-1.85737101e-03,-2.08191096e-02,1.28439614e-02
0.383096,3.98509766e-03,2.12718578e-02,2.01346613e-02,-2.16496321e-03,-2.09214392e-02,1.25037683e-02
0.384096,4.06248659e-03,2.13498637e-02,2.00035877e-02,-2.47140818e-03,-2.10171953e-02,1.21566784e-02
0.385096,4.13990851e-03,2.14271620e-02,1.98706111e-02,-2.77654885e-03,-2.11064414e-02,1.18024818e-02
0.386097,4.21735213e-03,2.15037750e-02,1.97357210e-02,-3.08027474e-03,-2.11892856e-02,1.14411528e-02
0.387097,4.29481091e-03,2.15797085e-02,1.95989181e-02,-3.38251433e-03,-2.12657886e-02,1.10727877e-02
0.388097,4.37228342e-03,2.16549504e-02,1.94602129e-02,-3.68323458e-03,-2.13359529e-02,1.06976059e-02
0.389097,4.44977299e-03,2.17294730e-02,1.93196308e-02,-3.98244306e-03,-2.13997404e-02,1.03159652e-02
0.390098,4.52728678e-03,2.18032351e-02,1.91772086e-02,-4.28018299e-03,-2.14570792e-02,9.92834668e-03
0.391098,4.60483446e-03,2.18761815e-02,1.90329832e-02,-4.57651954e-03,-2.15078467e-02,9.53530708e-03
0.392098,4.68242602e-03,2.19482526e-02,1.88870003e-02,-4.87154163e-03,-2.15519382e-02,9.13749261e-03
0.393098,4.76006944e-03,2.20193924e-02,1.87393109e-02,-5.16535041e-03,-2.15892966e-02,8.73559233e-03
0.394099,4.83776916e-03,2.20895427e-02,1.85899468e-02,-5.45803463e-03,-2.16198601e-02,8.33025155e-03
0.395099,4.91552430e-03,2.21586517e-02,1.84389252e-02,-5.74966738e-03,-2.16436086e-02,7.92206239e-03
0.396099,4.99332753e-03,2.22266764e-02,1.82862452e-02,-6.04029812e-03,-2.16605736e-02,7.51153495e-03
0.397099,5.07116457e-03,2.22935826e-02,1.81318821e-02,-6.32994546e-03,-2.16708300e-02,7.09907463e-03
0.398100,5.14901410e-03,2.23593440e-02,1.79757864e-02,-6.61859382e-03,-2.16744911e-02,6.68497405e-03
0.399100,5.22684876e-03,2.24239597e-02,1.78179127e-02,-6.90620985e-03,-2.16718006e-02,6.26943589e-03
0.400100,5.30463706e-03,2.24874302e-02,1.76581909e-02,-7.19272792e-03,-2.16629926e-02,5.85255526e-03
0.401100,5.38234511e-03,2.25497627e-02,1.74965440e-02,-7.47806353e-03,-2.16483240e-02,5.43435501e-03
0.402101,5.45993880e-03,2.26109687e-02,1.73328947e-02,-7.76212131e-03,-2.16280563e-02,5.01481283e-03
0.403101,5.53738616e-03,2.26710602e-02,1.71671716e-02,-8.04480351e-03,-2.16024376e-02,4.59389102e-03
0.404101,5.61465768e-03,2.27300369e-02,1.69992961e-02,-8.32600411e-03,-2.15716391e-02,4.17155290e-03
0.405101,5.69173319e-03,2.27879135e-02,1.68292459e-02,-8.60565621e-03,-2.15358760e-02,3.74782696e-03
0.406102,5.76859874e-03,2.28446881e-02,1.66570026e-02,-8.88369885e-03,-2.14952586e-02,3.32278839e-03
0.407102,5.84524851e-03,2.29003513e-02,1.64825712e-02,-9.16009085e-03,-2.14498309e-02,2.89658146e-03
0.408102,5.92168500e-03,2.29548864e-02,1.63059811e-02,-9.43481102e-03,-2.13995705e-02,2.46942152e-03
0.409102,5.99791846e-03,2.30082704e-02,1.61272844e-02,-9.70785535e-03,-2.13443922e-02,2.04158786e-03
0.410103,6.07396467e-03,2.30604681e-02,1.59465397e-02,-9.97922086e-03,-2.12841217e-02,1.61340841e-03
0.411103,6.14984679e-03,2.31114558e-02,1.57638435e-02,-1.02489283e-02,-2.12185970e-02,1.18524362e-03
0.412103,6.22559066e-03,2.31612094e-02,1.55792978e-02,-1.05169930e-02,-2.11476237e-02,7.57449919e-04
0.413103,6.30122295e-03,2.32097070e-02,1.53930034e-02,-1.07834152e-02,-2.10709846e-02,3.30355959e-04
0.414104,6.37676968e-03,2.32569339e-02,1.52050594e-02,-1.10481773e-02,-2.09884695e-02,-9.57624996e-05
0.415104,6.45225451e-03,2.33028855e-02,1.50155581e-02,-1.13112372e-02,-2.08998894e-02,-5.20704675e-04
0.416104,6.52769725e-03,2.33475633e-02,1.48245749e-02,-1.15725159e-02,-2.08050603e-02,-9.44355087e-04
0.417104,6.60311329e-03,2.33909860e-02,1.46321779e-02,-1.18319099e-02,-2.07038651e-02,-1.36670433e-03
0.418105,6.67851279e-03,2.34331913e-02,1.44384267e-02,-1.20892958e-02,-2.05962671e-02,-1.78785074e-03
0.419105,6.75390065e-03,2.34742207e-02,1.42433589e-02,-1.23445149e-02,-2.04822467e-02,-2.20797714e-03
0.420105,6.82927716e-03,2.35141247e-02,1.40469987e-02,-1.25973873e-02,-2.03618267e-02,-2.62734034e-03
0.421105,6.90463893e-03,2.35529589e-02,1.38493592e-02,-1.28477189e-02,-2.02350660e-02,-3.04624783e-03
0.422106,6.97997991e-03,2.35907793e-02,1.36504431e-02,-1.30953043e-02,-2.01020370e-02,-3.46503000e-03
0.423106,7.05529268e-03,2.36276383e-02,1.34502456e-02,-1.33399312e-02,-1.99628113e-02,-3.88401280e-03
0.424106,7.13057024e-03,2.36635946e-02,1.32487775e-02,-1.35814376e-02,-1.98175388e-02,-4.30347812e-03
0.425106,7.20580672e-03,2.36986915e-02,1.30460440e-02,-1.38196634e-02,-1.96663188e-02,-4.72363826e-03
0.426107,7.28099853e-03,2.37329614e-02,1.28420571e-02,-1.40544776e-02,-1.95092353e-02,-5.14461237e-03
0.427107,7.35614495e-03,2.37664238e-02,1.26368370e-02,-1.42857832e-02,-1.93463511e-02,-5.56640822e-03
0.428107,7.43124847e-03,2.37990841e-02,1.24304134e-02,-1.45135202e-02,-1.91777042e-02,-5.98891126e-03
0.429107,7.50631436e-03,2.38309264e-02,1.22228150e-02,-1.47376337e-02,-1.90032556e-02,-6.41188283e-03
0.430108,7.58135115e-03,2.38619354e-02,1.20140994e-02,-1.49581700e-02,-1.88230479e-02,-6.83495352e-03
0.431108,7.65636876e-03,2.38920770e-02,1.18043192e-02,-1.51751762e-02,-1.86370577e-02,-7.25765328e-03
0.432108,7.73137770e-03,2.39213074e-02,1.15935290e-02,-1.53887246e-02,-1.84452533e-02,-7.67942431e-03
0.433108,7.80638792e-03,2.39495757e-02,1.13817823e-02,-1.55989068e-02,-1.82476051e-02,-8.09964515e-03
0.434109,7.88140749e-03,2.39768274e-02,1.11691277e-02,-1.58058252e-02,-1.80440964e-02,-8.51765793e-03
0.435109,7.95644149e-03,2.40029994e-02,1.09555996e-02,-1.60095643e-02,-1.78346932e-02,-8.93277296e-03
0.436109,8.03149066e-03,2.40280427e-02,1.07412307e-02,-1.62102392e-02,-1.76194587e-02,-9.34435004e-03
0.437109,8.10655080e-03,2.40519116e-02,1.05260377e-02,-1.64079454e-02,-1.73984835e-02,-9.75179696e-03
0.438110,8.18161239e-03,2.40745652e-02,1.03100200e-02,-1.66027524e-02,-1.71718859e-02,-1.01545812e-02
0.439110,8.25666051e-03,2.40959712e-02,1.00931617e-02,-1.67947075e-02,-1.69398280e-02,-1.05522528e-02
0.440110,8.33167521e-03,2.41161069e-02,9.87543248e-03,-1.69838329e-02,-1.67025131e-02,-1.09444544e-02
0.441110,8.40663182e-03,2.41349537e-02,9.65678524e-03,-1.71701124e-02,-1.64601595e-02,-1.13308981e-02
0.442111,8.48150238e-03,2.41525077e-02,9.43716676e-03,-1.73535164e-02,-1.62130378e-02,-1.17114135e-02
0.443111,8.55625769e-03,2.41687804e-02,9.21652353e-03,-1.75340078e-02,-1.59614583e-02,-1.20859479e-02
0.444111,8.63086791e-03,2.41837839e-02,8.99479655e-03,-1.77115174e-02,-1.57057135e-02,-1.24544941e-02
0.445111,8.70530445e-03,2.41975355e-02,8.77193031e-03,-1.78859627e-02,-1.54460889e-02,-1.28171015e-02
0.446112,8.77954158e-03,2.42100559e-02,8.54787736e-03,-1.80572526e-02,-1.51828504e-02,-1.31738580e-02
0.447112,8.85355737e-03,2.42213645e-02,8.32259983e-03,-1.82252851e-02,-1.49162258e-02,-1.35248592e-02
0.448112,8.92733469e-03,2.42314772e-02,8.09607243e-03,-1.83899503e-02,-1.46463940e-02,-1.38701888e-02
0.449112,9.00086599e-03,2.42404219e-02,7.86830384e-03,-1.85511842e-02,-1.43735205e-02,-1.42099826e-02
0.450113,9.07414925e-03,2.42482148e-02,7.63931463e-03,-1.87089094e-02,-1.40976922e-02,-1.45443082e-02
0.451113,9.14718984e-03,2.42548681e-02,7.40914654e-03,-1.88630598e-02,-1.38189386e-02,-1.48731963e-02
0.452113,9.22000026e-03,2.42603896e-02,7.17786192e-03,-1.90135820e-02,-1.35372335e-02,-1.51966352e-02
0.453113,9.29259957e-03,2.42647830e-02,6.94554205e-03,-1.91604350e-02,-1.32524995e-02,-1.55145694e-02
0.454114,9.36501098e-03,2.42680378e-02,6.71227685e-03,-1.93035552e-02,-1.29645846e-02,-1.58268498e-02
0.455114,9.43726552e-03,2.42701614e-02,6.47818612e-03,-1.94429555e-02,-1.26733595e-02,-1.61333937e-02
0.456114,9.50939517e-03,2.42711492e-02,6.24338866e-03,-1.95786226e-02,-1.23786458e-02,-1.64340426e-02
0.457114,9.58143310e-03,2.42709960e-02,6.00800675e-03,-1.97105459e-02,-1.20802557e-02,-1.67286220e-02
0.458115,9.65341202e-03,2.42696976e-02,5.77216141e-03,-1.98387150e-02,-1.17780059e-02,-1.70169526e-02
0.459115,9.72536254e-03,2.42672512e-02,5.53596769e-03,-1.99631163e-02,-1.14717306e-02,-1.72988618e-02
0.460115,9.79731182e-03,2.42636495e-02,5.29952922e-03,-2.00837046e-02,-1.11612654e-02,-1.75741474e-02
0.461115,9.86928214e-03,2.42589013e-02,5.06293834e-03,-2.02004694e-02,-1.08465336e-02,-1.78427063e-02
0.462116,9.94128946e-03,2.42530174e-02,4.82626846e-03,-2.03133842e-02,-1.05275018e-02,-1.81044543e-02
0.463116,1.00133430e-02,2.42460095e-02,4.58957300e-03,-2.04224040e-02,-1.02041821e-02,-1.83593247e-02
0.464116,1.00854451e-02,2.42378926e-02,4.35288491e-03,-2.05274761e-02,-9.87664589e-03,-1.86072836e-02
0.465116,1.01575907e-02,2.42286848e-02,4.11621656e-03,-2.06285407e-02,-9.54502375e-03,-1.88483265e-02
0.466117,1.02297682e-02,2.42184010e-02,3.87956061e-03,-2.07255153e-02,-9.20948654e-03,-1.90824413e-02
0.467117,1.03019595e-02,2.42070616e-02,3.64289141e-03,-2.08183333e-02,-8.87027669e-03,-1.93096614e-02
0.468117,1.03741413e-02,2.41946910e-02,3.40616831e-03,-2.09069514e-02,-8.52769693e-03,-1.95300583e-02
0.469117,1.04462862e-02,2.41813060e-02,3.16933899e-03,-2.09913127e-02,-8.18206603e-03,-1.97436649e-02
0.470118,1.05183643e-02,2.41669202e-02,2.93234317e-03,-2.10713701e-02,-7.83372634e-03,-1.99504969e-02
0.471118,1.05903443e-02,2.41515418e-02,2.69511674e-03,-2.11470887e-02,-7.48303208e-03,-2.01505431e-02
0.472118,1.06621946e-02,2.41351712e-02,2.45759504e-03,-2.12184389e-02,-7.13033372e-03,-2.03437408e-02
0.473118,1.07338842e-02,2.41177996e-02,2.21971621e-03,-2.12853972e-02,-6.77596951e-03,-2.05299664e-02
0.474119,1.08053871e-02,2.40994228e-02,1.98143100e-03,-2.13480093e-02,-6.42027285e-03,-2.07091313e-02
0.475119,1.08766801e-02,2.40800230e-02,1.74269936e-03,-2.14063080e-02,-6.06353117e-03,-2.08810527e-02
0.476119,1.09477447e-02,2.40595765e-02,1.50349512e-03,-2.14603422e-02,-5.70599228e-03,-2.10455038e-02
0.477119,1.10185678e-02,2.40380540e-02,1.26380788e-03,-2.15101753e-02,-5.34785869e-03,-2.12022193e-02
0.478120,1.10891421e-02,2.40154222e-02,1.02364416e-03,-2.15558815e-02,-4.98928431e-03,-2.13509045e-02
0.479120,1.11594639e-02,2.39916346e-02,7.83023886e-04,-2.15975060e-02,-4.63037065e-03,-2.14911658e-02
0.480120,1.12295398e-02,2.39666648e-02,5.41992428e-04,-2.16351712e-02,-4.27117586e-03,-2.16227573e-02
0.481120,1.12993796e-02,2.39404777e-02,3.00606409e-04,-2.16689603e-02,-3.91170888e-03,-2.17453680e-02
0.482121,1.13689974e-02,2.39130410e-02,5.89362183e-05,-2.16989497e-02,-3.55193849e-03,-2.18587091e-02
0.483121,1.14384117e-02,2.38843271e-02,-1.82936333e-04,-2.17252052e-02,-3.19180021e-03,-2.19625280e-02
0.484121,1.15076435e-02,2.38543150e-02,-4.24920790e-04,-2.17477775e-02,-2.83120428e-03,-2.20566210e-02
0.485121,1.15767150e-02,2.38229820e-02,-6.66920571e-04,-2.17666742e-02,-2.47004000e-03,-2.21407747e-02
0.486122,1.16456508e-02,2.37903294e-02,-9.08836139e-04,-2.17819239e-02,-2.10819571e-03,-2.22149565e-02
0.487122,1.17144750e-02,2.37563647e-02,-1.15057004e-03,-2.17935248e-02,-1.74556255e-03,-2.22791858e-02
0.488122,1.17832095e-02,2.37211017e-02,-1.39202891e-03,-2.18014441e-02,-1.38204219e-03,-2.23335316e-02
0.489122,1.18518741e-02,2.36845630e-02,-1.63312630e-03,-2.18056281e-02,-1.01755655e-03,-2.23781336e-02
0.490123,1.19204853e-02,2.36467792e-02,-1.87378509e-03,-2.18060034e-02,-6.52055074e-04,-2.24131962e-02
0.491123,1.19890557e-02,2.36077824e-02,-2.11393702e-03,-2.18024621e-02,-2.85516035e-04,-2.24389384e-02
0.492123,1.20575935e-02,2.35676159e-02,-2.35352869e-03,-2.17949006e-02,8.20388752e-05,-2.24556684e-02
0.493123,1.21261026e-02,2.35263316e-02,-2.59252381e-03,-2.17832272e-02,4.50542083e-04,-2.24637640e-02
0.494124,1.21945816e-02,2.34839769e-02,-2.83089792e-03,-2.17673297e-02,8.19889055e-04,-2.24635733e-02
0.495124,1.22630245e-02,2.34405988e-02,-3.06864039e-03,-2.17470987e-02,1.18993426e-03,-2.24554416e-02
0.496124,1.23314209e-02,2.33962410e-02,-3.30575371e-03,-2.17224326e-02,1.56049362e-03,-2.24396955e-02
0.497124,1.23997563e-02,2.33509407e-02,-3.54225065e-03,-2.16932327e-02,1.93134870e-03,-2.24166105e-02
0.498125,1.24680123e-02,2.33047263e-02,-3.77815285e-03,-2.16594060e-02,2.30224904e-03,-2.23863997e-02
0.499125,1.25361692e-02,2.32576288e-02,-4.01349646e-03,-2.16209349e-02,2.67292203e-03,-2.23492968e-02
0.500125,1.26042047e-02,2.32096632e-02,-4.24831838e-03,-2.15777939e-02,3.04308229e-03,-2.23054163e-02
0.501125,1.26720962e-02,2.31608353e-02,-4.48265792e-03,-2.15299831e-02,3.41243774e-03,-2.22548002e-02
0.502126,1.27398210e-02,2.31111404e-02,-4.71655394e-03,-2.14775283e-02,3.78069796e-03,-2.21974161e-02
0.503126,1.28073576e-02,2.30605648e-02,-4.95004208e-03,-2.14204801e-02,4.14758245e-03,-2.21331601e-02
0.504126,1.28746843e-02,2.30090772e-02,-5.18314884e-03,-2.13588714e-02,4.51281126e-03,-2.20617954e-02
0.505126,1.29417863e-02,2.29566550e-02,-5.41589922e-03,-2.12928391e-02,4.87616043e-03,-2.19831585e-02
0.506127,1.30086506e-02,2.29032620e-02,-5.64830403e-03,-2.12224935e-02,5.23742465e-03,-2.18969784e-02
0.507127,1.30752683e-02,2.28488573e-02,-5.88036200e-03,-2.11479564e-02,5.59643501e-03,-2.18029548e-02
0.508127,1.31416349e-02,2.27933982e-02,-6.11205853e-03,-2.10693557e-02,5.95306257e-03,-2.17007736e-02
0.509127,1.32077507e-02,2.27368418e-02,-6.34336514e-03,-2.09868206e-02,6.30722019e-03,-2.15901234e-02
0.510128,1.32736194e-02,2.26791391e-02,-6.57423595e-03,-2.09004500e-02,6.65884513e-03,-2.14706492e-02
0.511128,1.33392520e-02,2.26202582e-02,-6.80461621e-03,-2.08103782e-02,7.00794495e-03,-2.13421318e-02
0.512128,1.34046631e-02,2.25601708e-02,-7.03443834e-03,-2.07167153e-02,7.35455864e-03,-2.12043825e-02
0.513128,1.34698704e-02,2.24988535e-02,-7.26362314e-03,-2.06195452e-02,7.69875139e-03,-2.10572517e-02
0.514129,1.35348945e-02,2.24362909e-02,-7.49208297e-03,-2.05189313e-02,8.04061388e-03,-2.09006570e-02
0.515129,1.35997581e-02,2.23724771e-02,-7.71972435e-03,-2.04149155e-02,8.38025462e-03,-2.07345877e-02
0.516129,1.36644844e-02,2.23074092e-02,-7.94644617e-03,-2.03075015e-02,8.71778208e-03,-2.05590631e-02
0.517129,1.37290974e-02,2.22411000e-02,-8.17215110e-03,-2.01966868e-02,9.05331561e-03,-2.03742195e-02
0.518130,1.37936202e-02,2.21735757e-02,-8.39675081e-03,-2.00824642e-02,9.38697271e-03,-2.01802998e-02
0.519130,1.38580730e-02,2.21048645e-02,-8.62015947e-03,-1.99647936e-02,9.71884220e-03,-1.99775594e-02
0.520130,1.39224729e-02,2.20350003e-02,-8.84230099e-03,-1.98436213e-02,1.00489853e-02,-1.97662986e-02
0.521130,1.39868328e-02,2.19640210e-02,-9.06311162e-03,-1.97188841e-02,1.03774278e-02,-1.95468492e-02
0.522131,1.40511605e-02,2.18919649e-02,-9.28253880e-03,-1.95905050e-02,1.07041500e-02,-1.93195431e-02
0.523131,1.41154584e-02,2.18188686e-02,-9.50054289e-03,-1.94583983e-02,1.10290806e-02,-1.90847031e-02
0.524131,1.41797233e-02,2.17447793e-02,-9.71711789e-03,-1.93225249e-02,1.13521196e-02,-1.88427253e-02
0.525131,1.42439461e-02,2.16697335e-02,-9.93226555e-03,-1.91828295e-02,1.16731060e-02,-1.85939288e-02
0.526132,1.43081118e-02,2.15937635e-02,-1.01460043e-02,-1.90392690e-02,1.19918316e-02,-1.83385993e-02
0.527132,1.43722005e-02,2.15168956e-02,-1.03583677e-02,-1.88918153e-02,1.23080450e-02,-1.80769815e-02
0.528132,1.44361877e-02,2.14391499e-02,-1.05694027e-02,-1.87404568e-02,1.26214579e-02,-1.78092739e-02
0.529132,1.45000439e-02,2.13605316e-02,-1.07791552e-02,-1.85851645e-02,1.29317222e-02,-1.75355749e-02
0.530133,1.45637399e-02,2.12810550e-02,-1.09877018e-02,-1.84259986e-02,1.32385279e-02,-1.72560450e-02
0.531133,1.46272444e-02,2.12007199e-02,-1.11951096e-02,-1.82629999e-02,1.35415319e-02,-1.69707478e-02
0.532133,1.46905265e-02,2.11195204e-02,-1.14014449e-02,-1.80962235e-02,1.38403956e-02,-1.66797130e-02
0.533133,1.47535573e-02,2.10374461e-02,-1.16067688e-02,-1.79257359e-02,1.41347966e-02,-1.63829454e-02
0.534134,1.48163108e-02,2.09544830e-02,-1.18111331e-02,-1.77516120e-02,1.44244400e-02,-1.60804356e-02
0.535134,1.48787635e-02,2.08706092e-02,-1.20145707e-02,-1.75739070e-02,1.47090325e-02,-1.57721306e-02
0.536134,1.49409010e-02,2.07858127e-02,-1.22171092e-02,-1.73927195e-02,1.49883871e-02,-1.54580527e-02
0.537134,1.50027145e-02,2.07000801e-02,-1.24187549e-02,-1.72081361e-02,1.52623605e-02,-1.51382272e-02
0.538135,1.50642017e-02,2.06133985e-02,-1.26194922e-02,-1.70202300e-02,1.55308570e-02,-1.48126917e-02
0.539135,1.51253673e-02,2.05257578e-02,-1.28192850e-02,-1.68290672e-02,1.57938403e-02,-1.44815141e-02
0.540135,1.51862231e-02,2.04371515e-02,-1.30180769e-02,-1.66347050e-02,1.60513329e-02,-1.41447954e-02
0.541135,1.52467860e-02,2.03475727e-02,-1.32157876e-02,-1.64371766e-02,1.63033868e-02,-1.38026442e-02
0.542136,1.53070804e-02,2.02570229e-02,-1.34123245e-02,-1.62365225e-02,1.65501295e-02,-1.34552262e-02
0.543136,1.53671362e-02,2.01655115e-02,-1.36075883e-02,-1.60327887e-02,1.67917490e-02,-1.31027512e-02
0.544136,1.54269848e-02,2.00730458e-02,-1.38014654e-02,-1.58260017e-02,1.70284351e-02,-1.27454177e-02
0.545136,1.54866597e-02,1.99796349e-02,-1.39938384e-02,-1.56161860e-02,1.72603911e-02,-1.23834276e-02
0.546137,1.55461938e-02,1.98852883e-02,-1.41845900e-02,-1.54033665e-02,1.74878210e-02,-1.20169743e-02
0.547137,1.56056183e-02,1.97900124e-02,-1.43736038e-02,-1.51875651e-02,1.77109050e-02,-1.16462221e-02
0.548137,1.56649611e-02,1.96938096e-02,-1.45607687e-02,-1.49688055e-02,1.79297910e-02,-1.12712990e-02
0.549137,1.57242461e-02,1.95966898e-02,-1.47460086e-02,-1.47471539e-02,1.81446348e-02,-1.08923409e-02
0.550138,1.57834904e-02,1.94986526e-02,-1.49292534e-02,-1.45226680e-02,1.83555163e-02,-1.05094121e-02
0.551138,1.58427042e-02,1.93996933e-02,-1.51104521e-02,-1.42954175e-02,1.85624621e-02,-1.01225329e-02
0.552138,1.59018908e-02,1.92998030e-02,-1.52895752e-02,-1.40654844e-02,1.87654427e-02,-9.73168242e-03
0.553138,1.59610457e-02,1.91989688e-02,-1.54666140e-02,-1.38329612e-02,1.89643712e-02,-9.33680410e-03
0.554139,1.60201572e-02,1.90971663e-02,-1.56415617e-02,-1.35979272e-02,1.91590684e-02,-8.93777994e-03
0.555139,1.60792079e-02,1.89943870e-02,-1.58144679e-02,-1.33605118e-02,1.93493830e-02,-8.53455616e-03
0.556139,1.61381749e-02,1.88906135e-02,-1.59853777e-02,-1.31208203e-02,1.95350882e-02,-8.12704892e-03
0.557139,1.61970313e-02,1.87858305e-02,-1.61543474e-02,-1.28789534e-02,1.97159297e-02,-7.71519936e-03
0.558140,1.62557482e-02,1.86800265e-02,-1.63214403e-02,-1.26350013e-02,1.98916377e-02,-7.29899208e-03
0.559140,1.63142956e-02,1.85731958e-02,-1.64867213e-02,-1.23890392e-02,2.00619404e-02,-6.87847257e-03
0.560140,1.63726430e-02,1.84653326e-02,-1.66502411e-02,-1.21411092e-02,2.02265339e-02,-6.45373399e-03
0.561140,1.64307645e-02,1.83564526e-02,-1.68120646e-02,-1.18912535e-02,2.03852036e-02,-6.02500928e-03
0.562141,1.64886377e-02,1.82465780e-02,-1.69722408e-02,-1.16394830e-02,2.05377538e-02,-5.59261240e-03
0.563141,1.65462444e-02,1.81357386e-02,-1.71308017e-02,-1.13857791e-02,2.06840154e-02,-5.15694250e-03
0.564141,1.66035714e-02,1.80239735e-02,-1.72877644e-02,-1.11300986e-02,2.08238620e-02,-4.71848751e-03
0.565141,1.66606113e-02,1.79113301e-02,-1.74431308e-02,-1.08723774e-02,2.09572112e-02,-4.27781242e-03
0.566142,1.67173605e-02,1.77978583e-02,-1.75968799e-02,-1.06125240e-02,2.10839911e-02,-3.83553729e-03
0.567142,1.67738215e-02,1.76836170e-02,-1.77489851e-02,-1.03504466e-02,2.12042008e-02,-3.39233329e-03
0.568142,1.68300021e-02,1.75686692e-02,-1.78994166e-02,-1.00860608e-02,2.13178959e-02,-2.94888014e-03
0.569142,1.68859117e-02,1.74530722e-02,-1.80481295e-02,-9.81927786e-03,2.14251232e-02,-2.50583264e-03
0.570143,1.69415609e-02,1.73368785e-02,-1.81950754e-02,-9.55002254e-03,2.15259389e-02,-2.06379956e-03
0.571143,1.69969607e-02,1.72201328e-02,-1.83402059e-02,-9.27824076e-03,2.16203992e-02,-1.62331723e-03
0.572143,1.70521206e-02,1.71028683e-02,-1.84834711e-02,-9.00390002e-03,2.17085346e-02,-1.18483257e-03
0.573143,1.71070475e-02,1.69851046e-02,-1.86248236e-02,-8.72699677e-03,2.17903473e-02,-7.48686576e-04
0.574144,1.71617484e-02,1.68668532e-02,-1.87642460e-02,-8.44759269e-03,2.18658855e-02,-3.15067839e-04
0.575144,1.72162253e-02,1.67481074e-02,-1.89017173e-02,-8.16576957e-03,2.19351299e-02,1.15947265e-04
0.576144,1.72704771e-02,1.66288473e-02,-1.90372263e-02,-7.88164534e-03,2.19980373e-02,5.44402755e-04
0.577144,1.73244998e-02,1.65090404e-02,-1.91707696e-02,-7.59537037e-03,2.20545445e-02,9.70449727e-04
0.578145,1.73782877e-02,1.63886439e-02,-1.93023495e-02,-7.30712129e-03,2.21045747e-02,1.39432570e-03
0.579145,1.74318316e-02,1.62676019e-02,-1.94319540e-02,-7.01708024e-03,2.21479894e-02,1.81631576e-03
0.580145,1.74851271e-02,1.61458659e-02,-1.95596055e-02,-6.72547159e-03,2.21847759e-02,2.23676976e-03
0.581145,1.75381692e-02,1.60233818e-02,-1.96853037e-02,-6.43250257e-03,2.22148814e-02,2.65601695e-03
0.582146,1.75909559e-02,1.59000988e-02,-1.98090397e-02,-6.13837201e-03,2.22382821e-02,3.07435538e-03
0.583146,1.76434891e-02,1.57759726e-02,-1.99307931e-02,-5.84326198e-03,2.22549926e-02,3.49202497e-03
0.584146,1.76957752e-02,1.56509683e-02,-2.00505294e-02,-5.54733101e-03,2.22650712e-02,3.90918592e-03
0.585146,1.77478247e-02,1.55250553e-02,-2.01681844e-02,-5.25070501e-03,2.22685775e-02,4.32590092e-03
0.586147,1.77996555e-02,1.53982264e-02,-2.02837036e-02,-4.95348739e-03,2.22656967e-02,4.74213576e-03
0.587147,1.78512896e-02,1.52704842e-02,-2.03970145e-02,-4.65574751e-03,2.22566334e-02,5.15775641e-03
0.588147,1.79027514e-02,1.51418405e-02,-2.05080307e-02,-4.35752535e-03,2.22416080e-02,5.57254091e-03
0.589147,1.79540675e-02,1.50123163e-02,-2.06166606e-02,-4.05883786e-03,2.22208581e-02,5.98619844e-03
0.590148,1.80052645e-02,1.48819397e-02,-2.07228128e-02,-3.75968563e-03,2.21946226e-02,6.39839284e-03
0.591148,1.80563665e-02,1.47507387e-02,-2.08263886e-02,-3.46005830e-03,2.21631018e-02,6.80875876e-03
0.592148,1.81073948e-02,1.46187465e-02,-2.09273142e-02,-3.15994742e-03,2.21264937e-02,7.21694648e-03
0.593148,1.81583647e-02,1.44859971e-02,-2.10255434e-02,-2.85935386e-03,2.20849686e-02,7.62265257e-03
0.594149,1.82092844e-02,1.43525159e-02,-2.11210397e-02,-2.55829000e-03,2.20386170e-02,8.02561985e-03
0.595149,1.82601540e-02,1.42183216e-02,-2.12137901e-02,-2.25678625e-03,2.19874647e-02,8.42565862e-03
0.596149,1.83109652e-02,1.40834257e-02,-2.13038058e-02,-1.95489313e-03,2.19314713e-02,8.82265133e-03
0.597149,1.83617016e-02,1.39478303e-02,-2.13911147e-02,-1.65268007e-03,2.18705193e-02,9.21654047e-03
0.598150,1.84123391e-02,1.38115299e-02,-2.14757623e-02,-1.35023364e-03,2.18044252e-02,9.60731857e-03
0.599150,1.84628492e-02,1.36745225e-02,-2.15578389e-02,-1.04765341e-03,2.17330182e-02,9.99504578e-03
0.600150,1.85131991e-02,1.35367996e-02,-2.16374274e-02,-7.45040231e-04,2.16560680e-02,1.03797678e-02
0.601150,1.85633547e-02,1.33983546e-02,-2.17146149e-02,-4.42489999e-04,2.15733362e-02,1.07615075e-02
0.602151,1.86132830e-02,1.32591853e-02,-2.17894860e-02,-1.40085291e-04,2.14845948e-02,1.11402351e-02
0.603151,1.86629536e-02,1.31192972e-02,-2.18621159e-02,1.62112167e-04,2.13896422e-02,1.15158423e-02
0.604151,1.87123389e-02,1.29786998e-02,-2.19325479e-02,4.64065289e-04,2.12882638e-02,1.18880922e-02
0.605151,1.87614222e-02,1.28374265e-02,-2.20008454e-02,7.65772059e-04,2.11804120e-02,1.22566975e-02
0.606152,1.88101919e-02,1.26955158e-02,-2.20670324e-02,1.06725908e-03,2.10660403e-02,1.26212355e-02
0.607152,1.88586430e-02,1.25530165e-02,-2.21311129e-02,1.36858058e-03,2.09451583e-02,1.29811880e-02
0.608152,1.89067768e-02,1.24099857e-02,-2.21930734e-02,1.66981237e-03,2.08178253e-02,1.33359634e-02
0.609152,1.89545997e-02,1.22664852e-02,-2.22528870e-02,1.97104322e-03,2.06841386e-02,1.36849280e-02
0.610153,1.90021191e-02,1.21225754e-02,-2.23105021e-02,2.27236563e-03,2.05441745e-02,1.40273923e-02
0.611153,1.90493473e-02,1.19783185e-02,-2.23658915e-02,2.57386200e-03,2.03980928e-02,1.43627795e-02
0.612153,1.90962946e-02,1.18337669e-02,-2.24190251e-02,2.87559357e-03,2.02460218e-02,1.46905738e-02
0.613153,1.91429679e-02,1.16889607e-02,-2.24698771e-02,3.17759166e-03,2.00880515e-02,1.50103523e-02
0.614154,1.91893700e-02,1.15439257e-02,-2.25184345e-02,3.47985029e-03,1.99242355e-02,1.53218216e-02
0.615154,1.92354989e-02,1.13986719e-02,-2.25646991e-02,3.78232234e-03,1.97545861e-02,1.56248300e-02
0.616154,1.92813461e-02,1.12531921e-02,-2.26086764e-02,4.08491940e-03,1.95790458e-02,1.59193249e-02
0.617154,1.93269002e-02,1.11074655e-02,-2.26503976e-02,4.38751340e-03,1.93975543e-02,1.62054281e-02
0.618155,1.93721482e-02,1.09614604e-02,-2.26899107e-02,4.68994705e-03,1.92100531e-02,1.64833922e-02
0.619155,1.94170751e-02,1.08151363e-02,-2.27272565e-02,4.99204386e-03,1.90164542e-02,1.67534960e-02
0.620155,1.94616671e-02,1.06684491e-02,-2.27624716e-02,5.29361940e-03,1.88166849e-02,1.70160406e-02
0.621155,1.95059143e-02,1.05213562e-02,-2.27955824e-02,5.59449349e-03,1.86107065e-02,1.72713083e-02
0.622156,1.95498113e-02,1.03738193e-02,-2.28265930e-02,5.89449877e-03,1.83985158e-02,1.75195078e-02
0.623156,1.95933599e-02,1.02258083e-02,-2.28554830e-02,6.19348947e-03,1.81801661e-02,1.77607541e-02
0.624156,1.96365736e-02,1.00773098e-02,-2.28822308e-02,6.49136178e-03,1.79558469e-02,1.79951333e-02
0.625156,1.96794717e-02,9.92831941e-03,-2.29067777e-02,6.78803750e-03,1.77257750e-02,1.82225816e-02
0.626157,1.97220806e-02,9.77884401e-03,-2.29290446e-02,7.08346712e-03,1.74902276e-02,1.84429444e-02
0.627157,1.97644318e-02,9.62889907e-03,-2.29489375e-02,7.37762329e-03,1.72495264e-02,1.86560015e-02
0.628157,1.98065598e-02,9.47850507e-03,-2.29663535e-02,7.67049075e-03,1.70040155e-02,1.88614997e-02
0.629157,1.98484977e-02,9.32767994e-03,-2.29811676e-02,7.96204436e-03,1.67540055e-02,1.90591282e-02
0.630158,1.98902789e-02,9.17644545e-03,-2.29933094e-02,8.25227111e-03,1.64998608e-02,1.92487649e-02
0.631158,1.99319294e-02,9.02481166e-03,-2.30027027e-02,8.54112542e-03,1.62418579e-02,1.94303058e-02
0.632158,1.99734675e-02,8.87277815e-03,-2.30092938e-02,8.82853329e-03,1.59802118e-02,1.96037562e-02
0.633158,2.00149026e-02,8.72033256e-03,-2.30130541e-02,9.11438888e-03,1.57150683e-02,1.97692414e-02
0.634159,2.00562356e-02,8.56745095e-03,-2.30139813e-02,9.39855568e-03,1.54465028e-02,1.99269997e-02
0.635159,2.00974581e-02,8.41409621e-03,-2.30120760e-02,9.68085758e-03,1.51745042e-02,2.00773100e-02
0.636159,2.01385569e-02,8.26023113e-03,-2.30073924e-02,9.96112597e-03,1.48990569e-02,2.02206005e-02
0.637159,2.01795149e-02,8.10581656e-03,-2.29999857e-02,1.02391863e-02,1.46201096e-02,2.03572801e-02
0.638160,2.02203137e-02,7.95081694e-03,-2.29899077e-02,1.05148727e-02,1.43376032e-02,2.04877015e-02
0.639160,2.02609370e-02,7.79520649e-03,-2.29772045e-02,1.07880455e-02,1.40515001e-02,2.06121296e-02
0.640160,2.03013728e-02,7.63897349e-03,-2.29619094e-02,1.10586024e-02,1.37618031e-02,2.07307039e-02
0.641160,2.03416139e-02,7.48212016e-03,-2.29440257e-02,1.13264723e-02,1.34685508e-02,2.08433853e-02
0.642161,2.03816609e-02,7.32467042e-03,-2.29235523e-02,1.15916464e-02,1.31718595e-02,2.09500099e-02
0.643161,2.04215209e-02,7.16666691e-03,-2.29004800e-02,1.18541696e-02,1.28719081e-02,2.10502957e-02
0.644161,2.04612046e-02,7.00816289e-03,-2.28747763e-02,1.21141097e-02,1.25688958e-02,2.11438273e-02
0.645161,2.05007246e-02,6.84922008e-03,-2.28464038e-02,1.23715564e-02,1.22630364e-02,2.12301269e-02
0.646162,2.05400923e-02,6.68990290e-03,-2.28153286e-02,1.26266057e-02,1.19545330e-02,2.13087063e-02
0.647162,2.05793148e-02,6.53027174e-03,-2.27815219e-02,1.28793387e-02,1.16435469e-02,2.13790981e-02
0.648162,2.06183920e-02,6.37037860e-03,-2.27449718e-02,1.31298111e-02,1.13301793e-02,2.14409094e-02
0.649162,2.06573170e-02,6.21026520e-03,-2.27057206e-02,1.33780687e-02,1.10144831e-02,2.14939621e-02
0.650163,2.06960725e-02,6.04995688e-03,-2.26638198e-02,1.36241049e-02,1.06964182e-02,2.15381572e-02
0.651163,2.07346328e-02,5.88946506e-03,-2.26193461e-02,1.38678771e-02,1.03758739e-02,2.15735207e-02
0.652163,2.07729655e-02,5.72878993e-03,-2.25723960e-02,1.41093147e-02,1.00526848e-02,2.16001749e-02
0.653163,2.08110340e-02,5.56792486e-03,-2.25230768e-02,1.43483297e-02,9.72665467e-03,2.16182920e-02
0.654164,2.08487989e-02,5.40686049e-03,-2.24714791e-02,1.45848117e-02,9.39755939e-03,2.16279763e-02
0.655164,2.08862291e-02,5.24559582e-03,-2.24177236e-02,1.48187087e-02,9.06525796e-03,2.16294224e-02
0.656164,2.09232978e-02,5.08413819e-03,-2.23618908e-02,1.50499749e-02,8.72963949e-03,2.16226482e-02
0.657164,2.09599871e-02,4.92250846e-03,-2.23040361e-02,1.52786017e-02,8.39066651e-03,2.16075417e-02
0.658165,2.09962889e-02,4.76074225e-03,-2.22441866e-02,1.55046201e-02,8.04838221e-03,2.15838531e-02
0.659165,2.10322043e-02,4.59888863e-03,-2.21823425e-02,1.57280974e-02,7.70290578e-03,2.15512101e-02
0.660165,2.10677396e-02,4.43700665e-03,-2.21184675e-02,1.59491098e-02,7.35439595e-03,2.15090829e-02
0.661165,2.11029106e-02,4.27515996e-03,-2.20525376e-02,1.61677758e-02,7.00308584e-03,2.14570283e-02
0.662166,2.11377329e-02,4.11340857e-03,-2.19845196e-02,1.63841971e-02,6.64920092e-03,2.13946091e-02
0.663166,2.11722188e-02,3.95180278e-03,-2.19143843e-02,1.65984457e-02,6.29293601e-03,2.13214634e-02
0.664166,2.12063754e-02,3.79037760e-03,-2.18421191e-02,1.68105536e-02,5.93443686e-03,2.12373727e-02
0.665166,2.12402021e-02,3.62914921e-03,-2.17677335e-02,1.70205042e-02,5.57378551e-03,2.11422913e-02
0.666167,2.12736892e-02,3.46811489e-03,-2.16912499e-02,1.72282182e-02,5.21098689e-03,2.10362972e-02
0.667167,2.13068216e-02,3.30725277e-03,-2.16127232e-02,1.74335824e-02,4.84600190e-03,2.09196904e-02
0.668167,2.13395820e-02,3.14652750e-03,-2.15322272e-02,1.76364602e-02,4.47876619e-03,2.07929145e-02
0.669167,2.13719506e-02,2.98589827e-03,-2.14498283e-02,1.78366907e-02,4.10920434e-03,2.06564138e-02
0.670168,2.14039115e-02,2.82532538e-03,-2.13655830e-02,1.80341173e-02,3.73727210e-03,2.05106121e-02
0.671168,2.14354557e-02,2.66477703e-03,-2.12795271e-02,1.82286060e-02,3.36298647e-03,2.03558525e-02
0.672168,2.14665829e-02,2.50423450e-03,-2.11916632e-02,1.84200498e-02,2.98644179e-03,2.01923307e-02
0.673168,2.14973036e-02,2.34369476e-03,-2.11019594e-02,1.86083799e-02,2.60782522e-03,2.00200898e-02
0.674169,2.15276429e-02,2.18316991e-03,-2.10103725e-02,1.87936000e-02,2.22743158e-03,1.98391291e-02
0.675169,2.15576312e-02,2.02268317e-03,-2.09168245e-02,1.89757233e-02,1.84560642e-03,1.96492986e-02
0.676169,2.15873035e-02,1.86226270e-03,-2.08212250e-02,1.91547755e-02,1.46272976e-03,1.94504158e-02
0.677169,2.16166945e-02,1.70193418e-03,-2.07234841e-02,1.93307758e-02,1.07917946e-03,1.92423351e-02
0.678170,2.16458349e-02,1.54171356e-03,-2.06235237e-02,1.95037156e-02,6.95295624e-04,1.90250101e-02
0.679170,2.16747455e-02,1.38160198e-03,-2.05212706e-02,1.96735197e-02,3.11353895e-04,1.87984777e-02
0.680170,2.17034413e-02,1.22157980e-03,-2.04167202e-02,1.98401169e-02,-7.24520227e-05,1.85631138e-02
0.681170,2.17319252e-02,1.06161023e-03,-2.03098768e-02,2.00033618e-02,-4.56011567e-04,1.83193831e-02
0.682171,2.17601920e-02,9.01642321e-04,-2.02007684e-02,2.01630721e-02,-8.39277608e-04,1.80678805e-02
0.683171,2.17882318e-02,7.41617721e-04,-2.00894359e-02,2.03190471e-02,-1.22223682e-03,1.78092678e-02
0.684171,2.18160348e-02,5.81479101e-04,-1.99759209e-02,2.04710899e-02,-1.60487298e-03,1.75441953e-02
0.685171,2.18435930e-02,4.21177155e-04,-1.98602366e-02,2.06189980e-02,-1.98712690e-03,1.72731858e-02
0.686172,2.18709099e-02,2.60681238e-04,-1.97424011e-02,2.07626658e-02,-2.36887421e-03,1.69966890e-02
0.687172,2.18979973e-02,9.99809882e-05,-1.96223962e-02,2.09020285e-02,-2.74990638e-03,1.67149479e-02
0.688172,2.19248763e-02,-6.09138670e-05,-1.95001720e-02,2.10370676e-02,-3.12993374e-03,1.64280195e-02
0.689172,2.19515749e-02,-2.21976991e-04,-1.93756579e-02,2.11678073e-02,-3.50860660e-03,1.61358243e-02
0.690173,2.19781245e-02,-3.83172336e-04,-1.92487744e-02,2.12942971e-02,-3.88554942e-03,1.58382133e-02
0.691173,2.20045541e-02,-5.44463102e-04,-1.91194345e-02,2.14165671e-02,-4.26039021e-03,1.55350192e-02
0.692173,2.20308869e-02,-7.05819376e-04,-1.89875854e-02,2.15346518e-02,-4.63282433e-03,1.52261969e-02
0.693173,2.20571354e-02,-8.67225783e-04,-1.88532143e-02,2.16485608e-02,-5.00264677e-03,1.49118692e-02
0.694174,2.20832995e-02,-1.02868488e-03,-1.87163341e-02,2.17582397e-02,-5.36974591e-03,1.45923074e-02
0.695174,2.21093670e-02,-1.19021578e-03,-1.85769925e-02,2.18635907e-02,-5.73410702e-03,1.42679406e-02
0.696174,2.21353166e-02,-1.35184906e-03,-1.84352638e-02,2.19644870e-02,-6.09578803e-03,1.39393047e-02
0.697174,2.21611220e-02,-1.51361911e-03,-1.82912291e-02,2.20607806e-02,-6.45487446e-03,1.36069561e-02
0.698175,2.21867570e-02,-1.67555442e-03,-1.81449665e-02,2.21523357e-02,-6.81144017e-03,1.32713931e-02
0.699175,2.22122030e-02,-1.83766629e-03,-1.79965589e-02,2.22391067e-02,-7.16553253e-03,1.29330018e-02
0.700175,2.22374497e-02,-1.99994561e-03,-1.78460478e-02,2.23210751e-02,-7.51710354e-03,1.25919509e-02
0.701175,2.22624968e-02,-2.16236012e-03,-1.76934447e-02,2.23982839e-02,-7.86601875e-03,1.22482035e-02
0.702176,2.22873531e-02,-2.32485735e-03,-1.75387356e-02,2.24708294e-02,-8.21207106e-03,1.19015470e-02
0.703176,2.23120323e-02,-2.48737155e-03,-1.73818908e-02,2.25388407e-02,-8.55501172e-03,1.15516595e-02
0.704176,2.23365468e-02,-2.64983256e-03,-1.72228645e-02,2.26024221e-02,-8.89456812e-03,1.11981718e-02
0.705176,2.23609060e-02,-2.81217832e-03,-1.70616652e-02,2.26617344e-02,-9.23057742e-03,1.08408552e-02
0.706177,2.23851075e-02,-2.97436245e-03,-1.68983129e-02,2.27168574e-02,-9.56293768e-03,1.04796051e-02
0.707177,2.24091366e-02,-3.13635871e-03,-1.67328644e-02,2.27678187e-02,-9.89165343e-03,1.01145056e-02
0.708177,2.24329664e-02,-3.29816043e-03,-1.65654118e-02,2.28145956e-02,-1.02168303e-02,9.74581918e-03
0.709177,2.24565611e-02,-3.45977517e-03,-1.63960731e-02,2.28571291e-02,-1.05386473e-02,9.37393170e-03
0.710178,2.24798793e-02,-3.62121431e-03,-1.62249646e-02,2.28953166e-02,-1.08572895e-02,8.99924706e-03
0.711178,2.25028857e-02,-3.78248571e-03,-1.60522180e-02,2.29291289e-02,-1.11729602e-02,8.62214104e-03
0.712178,2.25255525e-02,-3.94358097e-03,-1.58779329e-02,2.29585637e-02,-1.14857791e-02,8.24282239e-03
0.713178,2.25478632e-02,-4.10447008e-03,-1.57021717e-02,2.29836687e-02,-1.17957627e-02,7.86129251e-03
0.714179,2.25698138e-02,-4.26510105e-03,-1.55249610e-02,2.30045506e-02,-1.21028271e-02,7.47734896e-03
0.715179,2.25914103e-02,-4.42540479e-03,-1.53462989e-02,2.30213621e-02,-1.24068099e-02,7.09063464e-03
0.716179,2.26126617e-02,-4.58530205e-03,-1.51661621e-02,2.30342577e-02,-1.27074948e-02,6.70070845e-03
0.717179,2.26335782e-02,-4.74471961e-03,-1.49845404e-02,2.30434067e-02,-1.30047015e-02,6.30718962e-03
0.718180,2.26541638e-02,-4.90360178e-03,-1.48014506e-02,2.30489488e-02,-1.32983293e-02,5.90985673e-03
0.719180,2.26744098e-02,-5.06191389e-03,-1.46169362e-02,2.30509489e-02,-1.35883618e-02,5.50868234e-03
0.720180,2.26942954e-02,-5.21964586e-03,-1.44310766e-02,2.30494088e-02,-1.38748867e-02,5.10385783e-03
0.721180,2.27137907e-02,-5.37680796e-03,-1.42439791e-02,2.30442787e-02,-1.41580736e-02,4.69574925e-03
0.722181,2.27328599e-02,-5.53342010e-03,-1.40557610e-02,2.30354710e-02,-1.44381202e-02,4.28480124e-03
0.723181,2.27514690e-02,-5.68950101e-03,-1.38665330e-02,2.30228997e-02,-1.47152031e-02,3.87143391e-03
0.724181,2.27695983e-02,-5.84506190e-03,-1.36763884e-02,2.30065527e-02,-1.49894518e-02,3.45595564e-03
0.725181,2.27872384e-02,-6.00009020e-03,-1.34853748e-02,2.29864495e-02,-1.52608657e-02,3.03845788e-03
0.726182,2.28043943e-02,-6.15455138e-03,-1.32934982e-02,2.29626689e-02,-1.55293275e-02,2.61882376e-03
0.727182,2.28210831e-02,-6.30839397e-03,-1.31007306e-02,2.29353357e-02,-1.57946268e-02,2.19677899e-03
0.728182,2.28373276e-02,-6.46155938e-03,-1.29070266e-02,2.29045913e-02,-1.60565066e-02,1.77198890e-03
0.729182,2.28531465e-02,-6.61398939e-03,-1.27123363e-02,2.28705366e-02,-1.63146951e-02,1.34415596e-03
0.730183,2.28685580e-02,-6.76565686e-03,-1.25166504e-02,2.28332794e-02,-1.65690544e-02,9.13208071e-04
0.731183,2.28835645e-02,-6.91655465e-03,-1.23199860e-02,2.27928306e-02,-1.68195208e-02,4.79284807e-04
0.732183,2.28981562e-02,-7.06670211e-03,-1.21223967e-02,2.27491328e-02,-1.70661357e-02,4.27615180e-05
0.733183,2.29123147e-02,-7.21613866e-03,-1.19239617e-02,2.27020774e-02,-1.73090145e-02,-3.95815256e-04
0.734184,2.29260192e-02,-7.36491190e-03,-1.17247668e-02,2.26515365e-02,-1.75482918e-02,-8.35839619e-04
0.735184,2.29392505e-02,-7.51305938e-03,-1.15248777e-02,2.25973717e-02,-1.77840312e-02,-1.27677767e-03
0.736184,2.29520079e-02,-7.66060899e-03,-1.13243344e-02,2.25395406e-02,-1.80162425e-02,-1.71825971e-03
0.737184,2.29643036e-02,-7.80756199e-03,-1.11231296e-02,2.24780523e-02,-1.82447964e-02,-2.16015082e-03
0.738185,2.29761634e-02,-7.95389637e-03,-1.09212139e-02,2.24129681e-02,-1.84694425e-02,-2.60252146e-03
0.739185,2.29876219e-02,-8.09957684e-03,-1.07185122e-02,2.23443850e-02,-1.86898596e-02,-3.04555849e-03
0.740185,2.29987153e-02,-8.24456839e-03,-1.05149454e-02,2.22723989e-02,-1.89057198e-02,-3.48943746e-03
0.741185,2.30094715e-02,-8.38884670e-03,-1.03104492e-02,2.21970505e-02,-1.91167286e-02,-3.93419688e-03
0.742186,2.30199082e-02,-8.53241697e-03,-1.01050017e-02,2.21183360e-02,-1.93227293e-02,-4.37963324e-03
0.743186,2.30300296e-02,-8.67531425e-03,-9.89862625e-03,2.20361886e-02,-1.95237029e-02,-4.82528729e-03
0.744186,2.30398271e-02,-8.81759257e-03,-9.69137484e-03,2.19504716e-02,-1.97197039e-02,-5.27050873e-03
0.745186,2.30492878e-02,-8.95931525e-03,-9.48331252e-03,2.18610249e-02,-1.99108222e-02,-5.71457122e-03
0.746187,2.30584025e-02,-9.10053946e-03,-9.27449280e-03,2.17677061e-02,-2.00971131e-02,-6.15681526e-03
0.747187,2.30671723e-02,-9.24130134e-03,-9.06493419e-03,2.16704144e-02,-2.02785217e-02,-6.59676261e-03
0.748187,2.30756131e-02,-9.38160956e-03,-8.85461007e-03,2.15691191e-02,-2.04548608e-02,-7.03418288e-03
0.749187,2.30837582e-02,-9.52145158e-03,-8.64346049e-03,2.14638962e-02,-2.06258773e-02,-7.46910082e-03
0.750188,2.30916466e-02,-9.66079706e-03,-8.43139774e-03,2.13548350e-02,-2.07912233e-02,-7.90165087e-03
0.751188,2.30993164e-02,-9.79961616e-03,-8.21833638e-03,2.12420230e-02,-2.09505600e-02,-8.33194757e-03
0.752188,2.31067964e-02,-9.93789482e-03,-8.00421840e-03,2.11255049e-02,-2.11036298e-02,-8.75994574e-03
0.753188,2.31141005e-02,-1.00756445e-02,-7.78902903e-03,2.10052551e-02,-2.12502981e-02,-9.18535123e-03
0.754189,2.31212250e-02,-1.02129003e-02,-7.57279222e-03,2.08811472e-02,-2.13905146e-02,-9.60758911e-03
0.755189,2.31281580e-02,-1.03497239e-02,-7.35558198e-03,2.07530711e-02,-2.15244279e-02,-1.00259708e-02
0.756189,2.31348835e-02,-1.04861749e-02,-7.13747015e-03,2.06208789e-02,-2.16521490e-02,-1.04397692e-02
0.757189,2.31413918e-02,-1.06222981e-02,-6.91850875e-03,2.04844621e-02,-2.17737293e-02,-1.08483967e-02
0.758190,2.31476867e-02,-1.07581114e-02,-6.69871036e-03,2.03437837e-02,-2.18891051e-02,-1.12515153e-02
0.759190,2.31537870e-02,-1.08936022e-02,-6.47804300e-03,2.01988871e-02,-2.19980850e-02,-1.16490615e-02
0.760190,2.31597217e-02,-1.10287313e-02,-6.25643415e-03,2.00498470e-02,-2.21003312e-02,-1.20411362e-02
0.761190,2.31655247e-02,-1.11634560e-02,-6.03381564e-03,1.98968140e-02,-2.21955741e-02,-1.24279726e-02
0.762191,2.31712218e-02,-1.12977424e-02,-5.81013779e-03,1.97398934e-02,-2.22835836e-02,-1.28096702e-02
0.763191,2.31768230e-02,-1.14315796e-02,-5.58539323e-03,1.95791201e-02,-2.23642456e-02,-1.31860878e-02
0.764191,2.31823210e-02,-1.15649853e-02,-5.35962575e-03,1.94144544e-02,-2.24375926e-02,-1.35568174e-02
0.765191,2.31876943e-02,-1.16979983e-02,-5.13291953e-03,1.92457999e-02,-2.25037713e-02,-1.39212533e-02
0.766192,2.31929152e-02,-1.18306621e-02,-4.90536996e-03,1.90730236e-02,-2.25629333e-02,-1.42787014e-02
0.767192,2.31979618e-02,-1.19630091e-02,-4.67706286e-03,1.88960543e-02,-2.26152289e-02,-1.46286374e-02
0.768192,2.32028263e-02,-1.20950441e-02,-4.44804546e-03,1.87149084e-02,-2.26607099e-02,-1.49708262e-02
0.769192,2.32075162e-02,-1.22267380e-02,-4.21831475e-03,1.85296718e-02,-2.26992654e-02,-1.53053020e-02
0.770193,2.32120509e-02,-1.23580361e-02,-3.98783269e-03,1.83404972e-02,-2.27306853e-02,-1.56323221e-02
0.771193,2.32164526e-02,-1.24888752e-02,-3.75655318e-03,1.81475586e-02,-2.27547395e-02,-1.59522077e-02
0.772193,2.32207350e-02,-1.26192017e-02,-3.52445140e-03,1.79509899e-02,-2.27712456e-02,-1.62651430e-02
0.773193,2.32248953e-02,-1.27489875e-02,-3.29155042e-03,1.77508541e-02,-2.27801575e-02,-1.65710555e-02
0.774194,2.32289133e-02,-1.28782406e-02,-3.05793495e-03,1.75471684e-02,-2.27816580e-02,-1.68696593e-02
0.775194,2.32327550e-02,-1.30069861e-02,-2.82372246e-03,1.73398737e-02,-2.27759899e-02,-1.71604401e-02
0.776194,2.32363833e-02,-1.31352514e-02,-2.58903845e-03,1.71289060e-02,-2.27634170e-02,-1.74428735e-02
0.777194,2.32397696e-02,-1.32630461e-02,-2.35398351e-03,1.69142502e-02,-2.27441303e-02,-1.77166112e-02
0.778195,2.32429009e-02,-1.33903477e-02,-2.11861112e-03,1.66959729e-02,-2.27181812e-02,-1.79815958e-02
0.779195,2.32457794e-02,-1.35170965e-02,-1.88292331e-03,1.64742035e-02,-2.26854312e-02,-1.82380113e-02
0.780195,2.32484211e-02,-1.36432215e-02,-1.64689794e-03,1.62491826e-02,-2.26457728e-02,-1.84863624e-02
0.781195,2.32508388e-02,-1.37686483e-02,-1.41051501e-03,1.60211163e-02,-2.25990593e-02,-1.87270585e-02
0.782196,2.32530322e-02,-1.38933242e-02,-1.17379165e-03,1.57901544e-02,-2.25452538e-02,-1.89603050e-02
0.783196,2.32549828e-02,-1.40172283e-02,-9.36799262e-04,1.55563617e-02,-2.24844784e-02,-1.91860085e-02
0.784196,2.32566553e-02,-1.41403691e-02,-6.99657851e-04,1.53197276e-02,-2.24169949e-02,-1.94038153e-02
0.785196,2.32580044e-02,-1.42627623e-02,-4.62510066e-04,1.50801875e-02,-2.23430809e-02,-1.96132026e-02
0.786197,2.32589939e-02,-1.43844232e-02,-2.25483445e-04,1.48377443e-02,-2.22630561e-02,-1.98138702e-02
0.787197,2.32596025e-02,-1.45053354e-02,1.13417870e-05,1.45924663e-02,-2.21770784e-02,-2.00057645e-02
0.788197,2.32598274e-02,-1.46254469e-02,2.47940534e-04,1.43445082e-02,-2.20851389e-02,-2.01891407e-02
0.789197,2.32596792e-02,-1.47446812e-02,4.84327200e-04,1.40940898e-02,-2.19871197e-02,-2.03644778e-02
0.790198,2.32591706e-02,-1.48629585e-02,7.20521773e-04,1.38414394e-02,-2.18828922e-02,-2.05322795e-02
0.791198,2.32583021e-02,-1.49802137e-02,9.56511511e-04,1.35867222e-02,-2.17723904e-02,-2.06928233e-02
0.792198,2.32570577e-02,-1.50964228e-02,1.19222969e-03,1.33300268e-02,-2.16557521e-02,-2.08461158e-02
0.793198,2.32554049e-02,-1.52115981e-02,1.42755933e-03,1.30713598e-02,-2.15332804e-02,-2.09918883e-02
0.794199,2.32533022e-02,-1.53257637e-02,1.66235978e-03,1.28106802e-02,-2.14053203e-02,-2.11297177e-02
0.795199,2.32507137e-02,-1.54389346e-02,1.89650720e-03,1.25479725e-02,-2.12721688e-02,-2.12592829e-02
0.796199,2.32476206e-02,-1.55510973e-02,2.12992734e-03,1.22832992e-02,-2.11339819e-02,-2.13805471e-02
0.797199,2.32440230e-02,-1.56621999e-02,2.36260318e-03,1.20168115e-02,-2.09907331e-02,-2.14937825e-02
0.798200,2.32399356e-02,-1.57721658e-02,2.59455898e-03,1.17487249e-02,-2.08422803e-02,-2.15994840e-02
0.799200,2.32353783e-02,-1.58809307e-02,2.82582786e-03,1.14792673e-02,-2.06885311e-02,-2.16982052e-02
0.800200,2.32303557e-02,-1.59884489e-02,3.05640097e-03,1.12085880e-02,-2.05294748e-02,-2.17902137e-02
0.801200,2.32248530e-02,-1.60947130e-02,3.28621221e-03,1.09367371e-02,-2.03652693e-02,-2.18754332e-02
0.802201,2.32188392e-02,-1.61997479e-02,3.51514796e-03,1.06636812e-02,-2.01962115e-02,-2.19535055e-02
0.803201,2.32122788e-02,-1.63035883e-02,3.74308121e-03,1.03893596e-02,-2.00226326e-02,-2.20239896e-02
0.804201,2.32051424e-02,-1.64062450e-02,3.96990719e-03,1.01137470e-02,-1.98447477e-02,-2.20865574e-02
0.805201,2.31974313e-02,-1.65077133e-02,4.19560008e-03,9.83693205e-03,-1.96626692e-02,-2.21413467e-02
0.806202,2.31891620e-02,-1.66079450e-02,4.42018423e-03,9.55908175e-03,-1.94763068e-02,-2.21887460e-02
0.807202,2.31803611e-02,-1.67068777e-02,4.64371178e-03,9.28040079e-03,-1.92854961e-02,-2.22292760e-02
0.808202,2.31710495e-02,-1.68044628e-02,4.86621798e-03,9.00105830e-03,-1.90901278e-02,-2.22633306e-02
0.809202,2.31612308e-02,-1.69006871e-02,5.08768604e-03,8.72113053e-03,-1.88902471e-02,-2.22909803e-02
0.810203,2.31508845e-02,-1.69955668e-02,5.30803148e-03,8.44058549e-03,-1.86860398e-02,-2.23118886e-02
0.811203,2.31399866e-02,-1.70891601e-02,5.52715309e-03,8.15934039e-03,-1.84778437e-02,-2.23256171e-02
0.812203,2.31285160e-02,-1.71815124e-02,5.74496086e-03,7.87732841e-03,-1.82659315e-02,-2.23317813e-02
0.813203,2.31164696e-02,-1.72726367e-02,5.96141777e-03,7.59456448e-03,-1.80504132e-02,-2.23302887e-02
0.814204,2.31038672e-02,-1.73625082e-02,6.17655253e-03,7.31116391e-03,-1.78312132e-02,-2.23214051e-02
0.815204,2.30907426e-02,-1.74510796e-02,6.39043543e-03,7.02730240e-03,-1.76081415e-02,-2.23056081e-02
0.816204,2.30771258e-02,-1.75383021e-02,6.60312541e-03,6.74313858e-03,-1.73810068e-02,-2.22832835e-02
0.817204,2.30630339e-02,-1.76241695e-02,6.81464053e-03,6.45874590e-03,-1.71497912e-02,-2.22545543e-02
0.818205,2.30484630e-02,-1.77087213e-02,7.02493794e-03,6.17408686e-03,-1.69146729e-02,-2.22191765e-02
0.819205,2.30333942e-02,-1.77920189e-02,7.23393100e-03,5.88905282e-03,-1.66759274e-02,-2.21766481e-02
0.820205,2.30178115e-02,-1.78741208e-02,7.44154185e-03,5.60354412e-03,-1.64338047e-02,-2.21265134e-02
0.821205,2.30017172e-02,-1.79550552e-02,7.64774607e-03,5.31754334e-03,-1.61884018e-02,-2.20686178e-02
0.822206,2.29851356e-02,-1.80348064e-02,7.85258374e-03,5.03113887e-03,-1.59396101e-02,-2.20031638e-02
0.823206,2.29681065e-02,-1.81133331e-02,8.05613978e-03,4.74448727e-03,-1.56871965e-02,-2.19305901e-02
0.824206,2.29506713e-02,-1.81906117e-02,8.25850315e-03,4.45772905e-03,-1.54309886e-02,-2.18513336e-02
0.825206,2.29328505e-02,-1.82666465e-02,8.45970100e-03,4.17091007e-03,-1.51709505e-02,-2.17654598e-02
0.826207,2.29146418e-02,-1.83414841e-02,8.65969444e-03,3.88396427e-03,-1.49072380e-02,-2.16726466e-02
0.827207,2.28960301e-02,-1.84151960e-02,8.85840712e-03,3.59676124e-03,-1.46401137e-02,-2.15723574e-02
0.828207,2.28770052e-02,-1.84878448e-02,9.05577700e-03,3.30919302e-03,-1.43697928e-02,-2.14641423e-02
0.829207,2.28575746e-02,-1.85594496e-02,9.25179339e-03,3.02124611e-03,-1.40962936e-02,-2.13478444e-02
0.830208,2.28377760e-02,-1.86300045e-02,9.44653641e-03,2.73302384e-03,-1.38194892e-02,-2.12238269e-02
0.831208,2.28176546e-02,-1.86994749e-02,9.64010679e-03,2.44467665e-03,-1.35391367e-02,-2.10925568e-02
0.832208,2.27972472e-02,-1.87678419e-02,9.83258112e-03,2.15631360e-03,-1.32550667e-02,-2.09543492e-02
0.833208,2.27765684e-02,-1.88351268e-02,1.00239707e-02,1.86793583e-03,-1.29672994e-02,-2.08091386e-02
0.834209,2.27556108e-02,-1.89013912e-02,1.02142225e-02,1.57943884e-03,-1.26760403e-02,-2.06564936e-02
0.835209,2.27343570e-02,-1.89667031e-02,1.04032522e-02,1.29068107e-03,-1.23815308e-02,-2.04958077e-02
0.836209,2.27128062e-02,-1.90311200e-02,1.05910298e-02,1.00158712e-03,-1.20839477e-02,-2.03268146e-02
0.837209,2.26909804e-02,-1.90946499e-02,1.07775915e-02,7.12199518e-04,-1.17832447e-02,-2.01496326e-02
0.838210,2.26689206e-02,-1.91572633e-02,1.09630284e-02,4.22654411e-04,-1.14792095e-02,-1.99646932e-02
0.839210,2.26466688e-02,-1.92189271e-02,1.11474352e-02,1.33095319e-04,-1.11716222e-02,-1.97724446e-02
0.840210,2.26242490e-02,-1.92796399e-02,1.13308538e-02,-1.56419100e-04,-1.08604172e-02,-1.95730299e-02
0.841210,2.26016583e-02,-1.93394408e-02,1.15132450e-02,-4.45950587e-04,-1.05457267e-02,-1.93661289e-02
0.842211,2.25788791e-02,-1.93984026e-02,1.16945307e-02,-7.35632870e-04,-1.02278383e-02,-1.91512264e-02
0.843211,2.25558992e-02,-1.94565876e-02,1.18746522e-02,-1.02556722e-03,-9.90699417e-03,-1.89279469e-02
0.844211,2.25327282e-02,-1.95140123e-02,1.20536126e-02,-1.31574292e-03,-9.58323201e-03,-1.86962837e-02
0.845211,2.25093986e-02,-1.95706488e-02,1.22314828e-02,-1.60603366e-03,-9.25639395e-03,-1.84566317e-02
0.846212,2.24859497e-02,-1.96264540e-02,1.24083549e-02,-1.89627465e-03,-8.92626380e-03,-1.82095106e-02
0.847212,2.24624060e-02,-1.96814062e-02,1.25842749e-02,-2.18636658e-03,-8.59274052e-03,-1.79551761e-02
0.848212,2.24387644e-02,-1.97355306e-02,1.27592098e-02,-2.47633417e-03,-8.25595123e-03,-1.76934446e-02
0.849212,2.24150031e-02,-1.97888931e-02,1.29330780e-02,-2.76629145e-03,-7.91621508e-03,-1.74238947e-02
0.850213,2.23911009e-02,-1.98415479e-02,1.31057979e-02,-3.05633539e-03,-7.57380963e-03,-1.71461252e-02
0.851213,2.23670577e-02,-1.98935077e-02,1.32773509e-02,-3.34645330e-03,-7.22882824e-03,-1.68601232e-02
0.852213,2.23428979e-02,-1.99447376e-02,1.34477907e-02,-3.63650768e-03,-6.88115533e-03,-1.65663103e-02
0.853213,2.23186545e-02,-1.99951826e-02,1.36171962e-02,-3.92631223e-03,-6.53059945e-03,-1.62652615e-02
0.854214,2.22943453e-02,-2.00448054e-02,1.37855967e-02,-4.21574149e-03,-6.17707402e-03,-1.59572710e-02
0.855214,2.22699603e-02,-2.00936299e-02,1.39529549e-02,-4.50480440e-03,-5.82077630e-03,-1.56422882e-02
0.856214,2.22454691e-02,-2.01417061e-02,1.41191669e-02,-4.79359516e-03,-5.46204244e-03,-1.53198985e-02
0.857214,2.22208434e-02,-2.01890758e-02,1.42841379e-02,-5.08218565e-03,-5.10117841e-03,-1.49897726e-02
0.858215,2.21960778e-02,-2.02357352e-02,1.44478406e-02,-5.37052918e-03,-4.73829187e-03,-1.46520008e-02
0.859215,2.21711914e-02,-2.02816327e-02,1.46103202e-02,-5.65845374e-03,-4.37328184e-03,-1.43071083e-02
0.860215,2.21462080e-02,-2.03266958e-02,1.47716304e-02,-5.94574605e-03,-4.00598014e-03,-1.39556853e-02
0.861215,2.21211338e-02,-2.03708944e-02,1.49317859e-02,-6.23228545e-03,-3.63641103e-03,-1.35981087e-02
0.862216,2.20959450e-02,-2.04142443e-02,1.50907106e-02,-6.51808190e-03,-3.26483146e-03,-1.32342531e-02
0.863216,2.20706013e-02,-2.04567864e-02,1.52482798e-02,-6.80321379e-03,-2.89162619e-03,-1.28637452e-02
0.864216,2.20450712e-02,-2.04985412e-02,1.54043960e-02,-7.08770673e-03,-2.51709627e-03,-1.24864042e-02
0.865216,2.20193494e-02,-2.05394780e-02,1.55590407e-02,-7.37145080e-03,-2.14131447e-03,-1.21025268e-02
0.866217,2.19934513e-02,-2.05795183e-02,1.57122504e-02,-7.65422009e-03,-1.76416443e-03,-1.17127584e-02
0.867217,2.19673903e-02,-2.06185918e-02,1.58640640e-02,-7.93580185e-03,-1.38556459e-03,-1.13177525e-02
0.868217,2.19411541e-02,-2.06566749e-02,1.60144470e-02,-8.21610621e-03,-1.00565578e-03,-1.09177441e-02
0.869217,2.19147021e-02,-2.06937872e-02,1.61632801e-02,-8.49516345e-03,-6.24800179e-04,-1.05125128e-02
0.870218,2.18879875e-02,-2.07299564e-02,1.63104271e-02,-8.77302554e-03,-2.43405365e-04,-1.01017697e-02
0.871218,2.18609831e-02,-2.07651715e-02,1.64558104e-02,-9.04964163e-03,1.38294355e-04,-9.68559359e-03
0.872218,2.18336892e-02,-2.07993635e-02,1.65994306e-02,-9.32481380e-03,5.20306562e-04,-9.26454591e-03
0.873218,2.18061172e-02,-2.08324403e-02,1.67413221e-02,-9.59828331e-03,9.02732713e-04,-8.83939384e-03
0.874219,2.17782637e-02,-2.08643488e-02,1.68814841e-02,-9.86988626e-03,1.28552359e-03,-8.41065281e-03
0.875219,2.17500927e-02,-2.08950833e-02,1.70198160e-02,-1.01395920e-02,1.66837521e-03,-7.97830846e-03
0.876219,2.17215510e-02,-2.09246669e-02,1.71561675e-02,-1.04074468e-02,2.05084343e-03,-7.54208336e-03
0.877219,2.16925967e-02,-2.09531006e-02,1.72904223e-02,-1.06734371e-02,2.43258527e-03,-7.10191980e-03
0.878220,2.16632168e-02,-2.09803287e-02,1.74225490e-02,-1.09374017e-02,2.81350781e-03,-6.65827157e-03
0.879220,2.16334158e-02,-2.10062478e-02,1.75525621e-02,-1.11990622e-02,3.19368334e-03,-6.21192699e-03
0.880220,2.16031960e-02,-2.10307900e-02,1.76804834e-02,-1.14582172e-02,3.57311872e-03,-5.76356458e-03
0.881220,2.15725260e-02,-2.10539308e-02,1.78062294e-02,-1.17147906e-02,3.95155992e-03,-5.31333171e-03
0.882221,2.15413511e-02,-2.10756869e-02,1.79296486e-02,-1.19688154e-02,4.32855948e-03,-4.86099958e-03
0.883221,2.15096218e-02,-2.10960648e-02,1.80506055e-02,-1.22202966e-02,4.70371861e-03,-4.40644887e-03
0.884221,2.14773174e-02,-2.11150178e-02,1.81690499e-02,-1.24690987e-02,5.07688462e-03,-3.95006016e-03
0.885221,2.14444379e-02,-2.11324412e-02,1.82849854e-02,-1.27149416e-02,5.44809879e-03,-3.49263025e-03
0.886222,2.14109872e-02,-2.11482586e-02,1.83984398e-02,-1.29576061e-02,5.81739362e-03,-3.03489650e-03
0.887222,2.13769377e-02,-2.11624400e-02,1.85093425e-02,-1.31970021e-02,6.18454243e-03,-2.57708407e-03
0.888222,2.13422347e-02,-2.11750004e-02,1.86175447e-02,-1.34331592e-02,6.54910111e-03,-2.11899126e-03
0.889222,2.13068274e-02,-2.11859491e-02,1.87229080e-02,-1.36660907e-02,6.91065744e-03,-1.66048596e-03
0.890223,2.12706942e-02,-2.11952427e-02,1.88253805e-02,-1.38956696e-02,7.26904921e-03,-1.20193788e-03
0.891223,2.12338362e-02,-2.12027804e-02,1.89249725e-02,-1.41216239e-02,7.62431804e-03,-7.44161154e-04
0.892223,2.11962563e-02,-2.12084816e-02,1.90217044e-02,-1.43437273e-02,7.97649318e-03,-2.87889085e-04
0.893223,2.11579286e-02,-2.12123262e-02,1.91155139e-02,-1.45619127e-02,8.32535190e-03,1.66678503e-04
0.894224,2.11187998e-02,-2.12143346e-02,1.92062549e-02,-1.47762222e-02,8.67045047e-03,6.19759937e-04
0.895224,2.10788231e-02,-2.12145173e-02,1.92938007e-02,-1.49866700e-02,9.01140227e-03,1.07146004e-03
0.896224,2.10379838e-02,-2.12128285e-02,1.93781187e-02,-1.51931213e-02,9.34809021e-03,1.52134989e-03
0.897224,2.09962891e-02,-2.12091737e-02,1.94592381e-02,-1.53953145e-02,9.68058825e-03,1.96859343e-03
0.898225,2.09537385e-02,-2.12034762e-02,1.95371645e-02,-1.55930356e-02,1.00088940e-02,2.41252114e-03
0.899225,2.09103063e-02,-2.11957397e-02,1.96118357e-02,-1.57862744e-02,1.03327634e-02,2.85306611e-03
0.900225,2.08659418e-02,-2.11859956e-02,1.96831115e-02,-1.59750975e-02,1.06517581e-02,3.29049169e-03
0.901225,2.08206093e-02,-2.11742512e-02,1.97508954e-02,-1.61595069e-02,1.09655657e-02,3.72481658e-03
0.902226,2.07743077e-02,-2.11604541e-02,1.98151927e-02,-1.63393447e-02,1.12741654e-02,4.15548935e-03
0.903226,2.07270535e-02,-2.11445211e-02,1.98760576e-02,-1.65143724e-02,1.15776756e-02,4.58168609e-03
0.904226,2.06788383e-02,-2.11263917e-02,1.99334672e-02,-1.66844168e-02,1.18760186e-02,5.00289345e-03
0.905226,2.06296355e-02,-2.11061045e-02,1.99873543e-02,-1.68495528e-02,1.21689110e-02,5.41926639e-03
0.906227,2.05794020e-02,-2.10837004e-02,2.00375972e-02,-1.70098659e-02,1.24559534e-02,5.83108248e-03
0.907227,2.05281215e-02,-2.10591756e-02,2.00841533e-02,-1.71653217e-02,1.27369722e-02,6.23818191e-03
0.908227,2.04758116e-02,-2.10324700e-02,2.01270773e-02,-1.73157353e-02,1.30120716e-02,6.63987078e-03
0.909227,2.04224930e-02,-2.10035222e-02,2.01664329e-02,-1.74609193e-02,1.32813744e-02,7.03544533e-03
0.910228,2.03681486e-02,-2.09723124e-02,2.02021662e-02,-1.76008003e-02,1.35446949e-02,7.42469707e-03
0.911228,2.03127490e-02,-2.09389073e-02,2.02341959e-02,-1.77355214e-02,1.38017030e-02,7.80798689e-03
0.912228,2.02562703e-02,-2.09033475e-02,2.02624531e-02,-1.78651591e-02,1.40521275e-02,8.18548581e-03
0.913228,2.01987240e-02,-2.08656093e-02,2.02869710e-02,-1.79896183e-02,1.42959950e-02,8.55676714e-03
0.914229,2.01401430e-02,-2.08256359e-02,2.03078439e-02,-1.81087163e-02,1.45335018e-02,8.92109368e-03
0.915229,2.00805420e-02,-2.07834090e-02,2.03251117e-02,-1.82223715e-02,1.47646822e-02,9.27808372e-03
0.916229,2.00198956e-02,-2.07389655e-02,2.03386927e-02,-1.83306503e-02,1.49892387e-02,9.62793025e-03
0.917229,1.99581800e-02,-2.06923769e-02,2.03485135e-02,-1.84337028e-02,1.52068665e-02,9.97101306e-03
0.918230,1.98954056e-02,-2.06436649e-02,2.03546009e-02,-1.85315462e-02,1.54175429e-02,1.03072096e-02
0.919230,1.98316111e-02,-2.05927907e-02,2.03570619e-02,-1.86240379e-02,1.56214854e-02,1.06358735e-02
0.920230,1.97668297e-02,-2.05397314e-02,2.03559861e-02,-1.87110774e-02,1.58188551e-02,1.09565060e-02
0.921230,1.97010603e-02,-2.04845327e-02,2.03513604e-02,-1.87927447e-02,1.60095139e-02,1.12692378e-02
0.922231,1.96342802e-02,-2.04272725e-02,2.03431066e-02,-1.88692035e-02,1.61931454e-02,1.15745102e-02
0.923231,1.95664919e-02,-2.03679922e-02,2.03312196e-02,-1.89405175e-02,1.63696403e-02,1.18723871e-02
0.924231,1.94977448e-02,-2.03066871e-02,2.03158359e-02,-1.90066263e-02,1.65392661e-02,1.21623976e-02
0.925231,1.94280860e-02,-2.02433391e-02,2.02970811e-02,-1.90674357e-02,1.67022724e-02,1.24440159e-02
0.926232,1.93575300e-02,-2.01779958e-02,2.02749834e-02,-1.91230239e-02,1.68586245e-02,1.27173187e-02
0.927232,1.92860668e-02,-2.01107550e-02,2.02494985e-02,-1.91736006e-02,1.70080776e-02,1.29828309e-02
0.928232,1.92137039e-02,-2.00416855e-02,2.02206324e-02,-1.92192960e-02,1.71505347e-02,1.32407870e-02
0.929232,1.91404838e-02,-1.99707778e-02,2.01884879e-02,-1.92600314e-02,1.72861904e-02,1.34907360e-02
0.930233,1.90664721e-02,-1.98980394e-02,2.01532455e-02,-1.92957742e-02,1.74154170e-02,1.37322439e-02
0.931233,1.89916950e-02,-1.98235260e-02,2.01149635e-02,-1.93266194e-02,1.75382531e-02,1.39654023e-02
0.932233,1.89161513e-02,-1.97473489e-02,2.00736194e-02,-1.93528067e-02,1.76545049e-02,1.41907979e-02
0.933233,1.88398568e-02,-1.96695945e-02,2.00292397e-02,-1.93745080e-02,1.77641196e-02,1.44087618e-02
0.934234,1.87628675e-02,-1.95902812e-02,1.99819686e-02,-1.93917148e-02,1.78673821e-02,1.46189828e-02
0.935234,1.86852453e-02,-1.95094022e-02,1.99319588e-02,-1.94043486e-02,1.79646109e-02,1.48209642e-02
0.936234,1.86070281e-02,-1.94270392e-02,1.98793053e-02,-1.94125706e-02,1.80559267e-02,1.50149380e-02
0.937234,1.85282232e-02,-1.93433195e-02,1.98240074e-02,-1.94166598e-02,1.81411875e-02,1.52015811e-02
0.938235,1.84488564e-02,-1.92583375e-02,1.97661188e-02,-1.94168061e-02,1.82204110e-02,1.53812531e-02
0.939235,1.83689944e-02,-1.91721192e-02,1.97058113e-02,-1.94130185e-02,1.82939535e-02,1.55536704e-02
0.940235,1.82887088e-02,-1.90846861e-02,1.96432709e-02,-1.94052942e-02,1.83622093e-02,1.57185135e-02
0.941235,1.82080332e-02,-1.89961241e-02,1.95785657e-02,-1.93937970e-02,1.84252350e-02,1.58760796e-02
0.942236,1.81269815e-02,-1.89065749e-02,1.95117134e-02,-1.93788421e-02,1.84829353e-02,1.60271395e-02
0.943236,1.80455948e-02,-1.88161358e-02,1.94428137e-02,-1.93606291e-02,1.85354530e-02,1.61720382e-02
0.944236,1.79639509e-02,-1.87248349e-02,1.93720697e-02,-1.93391721e-02,1.85832323e-02,1.63104908e-02
0.945236,1.78821220e-02,-1.86327151e-02,1.92996677e-02,-1.93145250e-02,1.86266649e-02,1.64423578e-02
0.946237,1.78001409e-02,-1.85398947e-02,1.92256776e-02,-1.92869424e-02,1.86658078e-02,1.65682063e-02
0.947237,1.77180275e-02,-1.84465166e-02,1.91501292e-02,-1.92567386e-02,1.87006048e-02,1.66888150e-02
0.948237,1.76358389e-02,-1.83526625e-02,1.90731612e-02,-1.92240673e-02,1.87313150e-02,1.68043823e-02
0.949237,1.75536628e-02,-1.82583660e-02,1.89950126e-02,-1.91889659e-02,1.87584863e-02,1.69146754e-02
0.950238,1.74715646e-02,-1.81636997e-02,1.89158497e-02,-1.91515704e-02,1.87824562e-02,1.70198406e-02
0.951238,1.73895714e-02,-1.80688087e-02,1.88357270e-02,-1.91122093e-02,1.88032422e-02,1.71206991e-02
0.952238,1.73077163e-02,-1.79738298e-02,1.87547170e-02,-1.90711886e-02,1.88209195e-02,1.72179859e-02
0.953238,1.72260750e-02,-1.78788250e-02,1.86730170e-02,-1.90286167e-02,1.88359231e-02,1.73117415e-02
0.954239,1.71447385e-02,-1.77838368e-02,1.85908603e-02,-1.89845420e-02,1.88487855e-02,1.74018143e-02
0.955239,1.70637555e-02,-1.76889777e-02,1.85083767e-02,-1.89392241e-02,1.88597554e-02,1.74887800e-02
0.956239,1.69831509e-02,-1.75944075e-02,1.84256172e-02,-1.88930367e-02,1.88688534e-02,1.75736300e-02
0.957239,1.69029784e-02,-1.75002357e-02,1.83427179e-02,-1.88462210e-02,1.88763504e-02,1.76568852e-02
0.958240,1.68233283e-02,-1.74065065e-02,1.82599231e-02,-1.87988472e-02,1.88828321e-02,1.77384756e-02
0.959240,1.67442761e-02,-1.73132923e-02,1.81774336e-02,-1.87510638e-02,1.88887598e-02,1.78186220e-02
0.960240,1.66658603e-02,-1.72207495e-02,1.80953315e-02,-1.87032285e-02,1.88942434e-02,1.78982834e-02
0.961240,1.65881121e-02,-1.71290220e-02,1.80137005e-02,-1.86556937e-02,1.88994277e-02,1.79784028e-02
0.962241,1.65111092e-02,-1.70381777e-02,1.79327535e-02,-1.86086034e-02,1.89048287e-02,1.80591970e-02
0.963241,1.64349409e-02,-1.69482657e-02,1.78527369e-02,-1.85620529e-02,1.89110582e-02,1.81407318e-02
0.964241,1.63596564e-02,-1.68594079e-02,1.77737804e-02,-1.85163334e-02,1.89183969e-02,1.82237771e-02
0.965241,1.62852821e-02,-1.67717675e-02,1.76959486e-02,-1.84718470e-02,1.89269448e-02,1.83094972e-02
0.966242,1.62118841e-02,-1.66854532e-02,1.76194153e-02,-1.84288428e-02,1.89371134e-02,1.83985126e-02
0.967242,1.61395530e-02,-1.66005059e-02,1.75444399e-02,-1.83874089e-02,1.89495816e-02,1.84909101e-02
0.968242,1.60683495e-02,-1.65170127e-02,1.74711975e-02,-1.83477639e-02,1.89647933e-02,1.85872656e-02
0.969242,1.59982995e-02,-1.64351340e-02,1.73997572e-02,-1.83103151e-02,1.89828883e-02,1.86888244e-02
0.970243,1.59294469e-02,-1.63549955e-02,1.73302434e-02,-1.82753810e-02,1.90041758e-02,1.87965276e-02
0.971243,1.58618772e-02,-1.62766458e-02,1.72629038e-02,-1.82430800e-02,1.90293279e-02,1.89106327e-02
0.972243,1.57956696e-02,-1.62001581e-02,1.71979648e-02,-1.82135927e-02,1.90589518e-02,1.90316348e-02
0.973243,1.57308572e-02,-1.61256857e-02,1.71355199e-02,-1.81873178e-02,1.90932831e-02,1.91608204e-02
0.974244,1.56674633e-02,-1.60533580e-02,1.70756502e-02,-1.81646112e-02,1.91325540e-02,1.92993651e-02
0.975244,1.56055636e-02,-1.59832322e-02,1.70185827e-02,-1.81456294e-02,1.91774133e-02,1.94477474e-02
0.976244,1.55452361e-02,-1.59153579e-02,1.69645542e-02,-1.81305142e-02,1.92285437e-02,1.96064300e-02
0.977244,1.54865133e-02,-1.58498649e-02,1.69136690e-02,-1.81196244e-02,1.92862562e-02,1.97766679e-02
0.978245,1.54294188e-02,-1.57869021e-02,1.68660065e-02,-1.81133699e-02,1.93508006e-02,1.99599137e-02
0.979245,1.53740300e-02,-1.57265523e-02,1.68217978e-02,-1.81119788e-02,1.94228614e-02,2.01569865e-02
0.980245,1.53204111e-02,-1.56688322e-02,1.67812603e-02,-1.81155412e-02,1.95031294e-02,2.03683112e-02
0.981245,1.52685945e-02,-1.56138572e-02,1.67445082e-02,-1.81243962e-02,1.95919884e-02,2.05951998e-02
0.982246,1.52185950e-02,-1.55617706e-02,1.67116064e-02,-1.81389616e-02,1.96896945e-02,2.08392689e-02
0.983246,1.51704683e-02,-1.55126371e-02,1.66827429e-02,-1.81594512e-02,1.97968724e-02,2.11014494e-02
0.984246,1.51242877e-02,-1.54664850e-02,1.66581598e-02,-1.81859888e-02,1.99143129e-02,2.13824018e-02
0.985246,1.50800991e-02,-1.54234430e-02,1.66380098e-02,-1.82189563e-02,2.00425458e-02,2.16837262e-02
0.986247,1.50378972e-02,-1.53836285e-02,1.66223194e-02,-1.82587367e-02,2.01817842e-02,2.20070965e-02
0.987247,1.49977289e-02,-1.53470956e-02,1.66112632e-02,-1.83055398e-02,2.03326699e-02,2.23536012e-02
0.988247,1.49596609e-02,-1.53138649e-02,1.66050749e-02,-1.83594915e-02,2.04960259e-02,2.27240863e-02
0.989247,1.49237157e-02,-1.52840327e-02,1.66038607e-02,-1.84209242e-02,2.06723203e-02,2.31201785e-02
0.990248,1.48898955e-02,-1.52577265e-02,1.66076706e-02,-1.84902578e-02,2.08618777e-02,2.35438570e-02
0.991248,1.48582575e-02,-1.52350126e-02,1.66167125e-02,-1.85677482e-02,2.10654902e-02,2.39965778e-02
0.992248,1.48288560e-02,-1.52158970e-02,1.66311983e-02,-1.86535108e-02,2.12839847e-02,2.44793697e-02
0.993248,1.48016945e-02,-1.52004618e-02,1.66511943e-02,-1.87478694e-02,2.15177829e-02,2.49940512e-02
0.994249,1.47767707e-02,-1.51888202e-02,1.66767490e-02,-1.88512302e-02,2.17672715e-02,2.55427844e-02
0.995249,1.47541269e-02,-1.51809979e-02,1.67080452e-02,-1.89637741e-02,2.20332432e-02,2.61270016e-02
0.996249,1.47338106e-02,-1.51770058e-02,1.67452830e-02,-1.90856503e-02,2.23165556e-02,2.67480977e-02
0.997249,1.47158276e-02,-1.51769528e-02,1.67885408e-02,-1.92172719e-02,2.26177361e-02,2.74084922e-02
0.998250,1.47001787e-02,-1.51809420e-02,1.68378875e-02,-1.93590448e-02,2.29373107e-02,2.81106490e-02
0.999250,1.46868925e-02,-1.51889527e-02,1.68934820e-02,-1.95110569e-02,2.32760753e-02,2.88559350e-02
